"Test ID","Register type","Contract actor action","Preconditions","Expected UI backend audit","Denial and recovery","Result","Evidence limitation"
"UDC-S10-AT-001","CONTRACT ACCEPTANCE","UDC-S10-CTR-001Customer / StaffOne underlying message transport presents different authorized business contexts without separate engines.","Read context and membership afresh before operations; commercial state remains in S8.","Expected UI: One underlying message transport presents different authorized business contexts without separate engines. Expected backend: Read context and membership afresh before operations; commercial state remains in S8.AUDIT: Preserve relevant security/transaction evidence; do not invent runtime result.","Denial or failure: Context cannot be resolved: show safe unavailable state.TEST SPECIFIED — NOT EXECUTED","NOT RUN","Full register case has not been executed end-to-end. Targeted automated tests are recorded separately in IMPLEMENTATION-VERDICT-2026-10-09.md; not counted as this case passing."
"UDC-S10-AT-002","CONTRACT ACCEPTANCE","UDC-S10-CTR-002Customer / StaffOne customer can own distinct legitimate Chat threads, including unrelated Main Orders.","Stable conversation identity distinct from customer UID and display title; scoped read/write.","Expected UI: One customer can own distinct legitimate Chat threads, including unrelated Main Orders. Expected backend: Stable conversation identity distinct from customer UID and display title; scoped read/write.AUDIT: Preserve relevant security/transaction evidence; do not invent runtime result.","Denial or failure: Legacy mapping unavailable: preserve and restrict old content.TEST SPECIFIED — NOT EXECUTED","NOT RUN","Full register case has not been executed end-to-end. Targeted automated tests are recorded separately in IMPLEMENTATION-VERDICT-2026-10-09.md; not counted as this case passing."
"UDC-S10-AT-003","CONTRACT ACCEPTANCE","UDC-S10-CTR-003CustomerEnter the site-native full Chat page from approved navigation.","Current authenticated principal must match target; noindex/private route.","Expected UI: Enter the site-native full Chat page from approved navigation. Expected backend: Current authenticated principal must match target; noindex/private route.AUDIT: Preserve relevant security/transaction evidence; do not invent runtime result.","Denial or failure: Guest preserves safe draft; inaccessible target denied.TEST SPECIFIED — NOT EXECUTED","NOT RUN","Full register case has not been executed end-to-end. Targeted automated tests are recorded separately in IMPLEMENTATION-VERDICT-2026-10-09.md; not counted as this case passing."
"UDC-S10-AT-004","CONTRACT ACCEPTANCE","UDC-S10-CTR-004CustomerPresent all and only authorized free, order-bearing and dormant threads.","Each row is a distinct durable Chat; last activity and unread are projections.","Expected UI: Present all and only authorized free, order-bearing and dormant threads. Expected backend: Each row is a distinct durable Chat; last activity and unread are projections.AUDIT: Preserve relevant security/transaction evidence; do not invent runtime result.","Denial or failure: Denied/unavailable records not replaced with made-up data.TEST SPECIFIED — NOT EXECUTED","NOT RUN","Full register case has not been executed end-to-end. Targeted automated tests are recorded separately in IMPLEMENTATION-VERDICT-2026-10-09.md; not counted as this case passing."
"UDC-S10-AT-005","CONTRACT ACCEPTANCE","UDC-S10-CTR-005Customer / StaffDifferentiate guidance, source-reference entry and explicit order initiation.","Entry intent is validated before any Main Order creation.","Expected UI: Differentiate guidance, source-reference entry and explicit order initiation. Expected backend: Entry intent is validated before any Main Order creation.AUDIT: Preserve relevant security/transaction evidence; do not invent runtime result.","Denial or failure: Ambiguous or rejected action creates no commercial mutation.TEST SPECIFIED — NOT EXECUTED","NOT RUN","Full register case has not been executed end-to-end. Targeted automated tests are recorded separately in IMPLEMENTATION-VERDICT-2026-10-09.md; not counted as this case passing."
"UDC-S10-AT-006","CONTRACT ACCEPTANCE","UDC-S10-CTR-006CustomerFree private guidance without Main Order or financial obligation.","Enforce per customer–Couturier active-free relationship uniqueness on trusted backend.","Expected UI: Free private guidance without Main Order or financial obligation. Expected backend: Enforce per customer–Couturier active-free relationship uniqueness on trusted backend.AUDIT: Preserve relevant security/transaction evidence; do not invent runtime result.","Denial or failure: Unknown create outcome reconciled; no duplicate empty thread.TEST SPECIFIED — NOT EXECUTED","NOT RUN","Full register case has not been executed end-to-end. Targeted automated tests are recorded separately in IMPLEMENTATION-VERDICT-2026-10-09.md; not counted as this case passing."
"UDC-S10-AT-007","CONTRACT ACCEPTANCE","UDC-S10-CTR-007CustomerRe-enter existing relationship; alternate Couturier relationships remain distinct.","Access check and genuine prior relationship before returning.","Expected UI: Re-enter existing relationship; alternate Couturier relationships remain distinct. Expected backend: Access check and genuine prior relationship before returning.AUDIT: Preserve relevant security/transaction evidence; do not invent runtime result.","Denial or failure: Staff capability changed: show safe unavailable/reselect.TEST SPECIFIED — NOT EXECUTED","NOT RUN","Full register case has not been executed end-to-end. Targeted automated tests are recorded separately in IMPLEMENTATION-VERDICT-2026-10-09.md; not counted as this case passing."
"UDC-S10-AT-008","CONTRACT ACCEPTANCE","UDC-S10-CTR-008Customer / CouturierAttach a genuine public Product reference as discussion context only.","Resolve current source visibility; safe snapshot never means order price.","Expected UI: Attach a genuine public Product reference as discussion context only. Expected backend: Resolve current source visibility; safe snapshot never means order price.AUDIT: Preserve relevant security/transaction evidence; do not invent runtime result.","Denial or failure: Retired Product shows unavailable contextual fallback.TEST SPECIFIED — NOT EXECUTED","NOT RUN","Full register case has not been executed end-to-end. Targeted automated tests are recorded separately in IMPLEMENTATION-VERDICT-2026-10-09.md; not counted as this case passing."
"UDC-S10-AT-009","CONTRACT ACCEPTANCE","UDC-S10-CTR-009CustomerChat About This Review carries only current public-safe inactive Dicta Moment context.","Do not resolve original reviewer private transaction or account.","Expected UI: Chat About This Review carries only current public-safe inactive Dicta Moment context. Expected backend: Do not resolve original reviewer private transaction or account.AUDIT: Preserve relevant security/transaction evidence; do not invent runtime result.","Denial or failure: Review withdrawn: preserve Chat history with neutral unavailable message.TEST SPECIFIED — NOT EXECUTED","NOT RUN","Full register case has not been executed end-to-end. Targeted automated tests are recorded separately in IMPLEMENTATION-VERDICT-2026-10-09.md; not counted as this case passing."
"UDC-S10-AT-010","CONTRACT ACCEPTANCE","UDC-S10-CTR-010CustomerUnsent reference may be removed without affecting original source.","Idempotent source attachment and safe historical ref after send.","Expected UI: Unsent reference may be removed without affecting original source. Expected backend: Idempotent source attachment and safe historical ref after send.AUDIT: Preserve relevant security/transaction evidence; do not invent runtime result.","Denial or failure: Unknown attach result must reconcile; never silently substitute source.TEST SPECIFIED — NOT EXECUTED","NOT RUN","Full register case has not been executed end-to-end. Targeted automated tests are recorded separately in IMPLEMENTATION-VERDICT-2026-10-09.md; not counted as this case passing."
"UDC-S10-AT-011","CONTRACT ACCEPTANCE","UDC-S10-CTR-011CustomerORDER THIS PRODUCT initiates Section 8 Main Order and dedicated Chat.","Atomic/idempotent Main Order creation with original snapshot and Chat linkage.","Expected UI: ORDER THIS PRODUCT initiates Section 8 Main Order and dedicated Chat. Expected backend: Atomic/idempotent Main Order creation with original snapshot and Chat linkage.AUDIT: Preserve relevant security/transaction evidence; do not invent runtime result.","Denial or failure: Unknown outcome: reconcile Order identity, not resend loose text.TEST SPECIFIED — NOT EXECUTED","NOT RUN","Full register case has not been executed end-to-end. Targeted automated tests are recorded separately in IMPLEMENTATION-VERDICT-2026-10-09.md; not counted as this case passing."
"UDC-S10-AT-012","CONTRACT ACCEPTANCE","UDC-S10-CTR-012CustomerReview Your Order then Continue with a Couturier preserves structured fields and private media.","Original structured submission snapshot, correct identity, idempotency and Chat linkage.","Expected UI: Review Your Order then Continue with a Couturier preserves structured fields and private media. Expected backend: Original structured submission snapshot, correct identity, idempotency and Chat linkage.AUDIT: Preserve relevant security/transaction evidence; do not invent runtime result.","Denial or failure: Pending saved request not misrepresented as committed commercial Order.TEST SPECIFIED — NOT EXECUTED","NOT RUN","Full register case has not been executed end-to-end. Targeted automated tests are recorded separately in IMPLEMENTATION-VERDICT-2026-10-09.md; not counted as this case passing."
"UDC-S10-AT-013","CONTRACT ACCEPTANCE","UDC-S10-CTR-013Customer / StaffOne dedicated Chat per Main Order, including multiple Entries, Editions and Extensions.","Commit-time unique association; no unrelated Order attachment.","Expected UI: One dedicated Chat per Main Order, including multiple Entries, Editions and Extensions. Expected backend: Commit-time unique association; no unrelated Order attachment.AUDIT: Preserve relevant security/transaction evidence; do not invent runtime result.","Denial or failure: Conflicting attachment rejected with audit.TEST SPECIFIED — NOT EXECUTED","NOT RUN","Full register case has not been executed end-to-end. Targeted automated tests are recorded separately in IMPLEMENTATION-VERDICT-2026-10-09.md; not counted as this case passing."
"UDC-S10-AT-014","CONTRACT ACCEPTANCE","UDC-S10-CTR-014Authorized StaffEligible Staff creates/imports genuine Main Order into eligible existing Free Chat.","Customer/Chat association and current capability checked at commit.","Expected UI: Eligible Staff creates/imports genuine Main Order into eligible existing Free Chat. Expected backend: Customer/Chat association and current capability checked at commit.AUDIT: Preserve relevant security/transaction evidence; do not invent runtime result.","Denial or failure: Existing attached Order or unknown outcome reconciled safely.TEST SPECIFIED — NOT EXECUTED","BLOCKED","Full register case has not been executed end-to-end. Targeted automated tests are recorded separately in IMPLEMENTATION-VERDICT-2026-10-09.md; not counted as this case passing."
"UDC-S10-AT-015","CONTRACT ACCEPTANCE","UDC-S10-CTR-015CustomerUnrelated new purchase gets separate Main Order and separate dedicated Chat.","Do not reuse unrelated locked payment history or Chat transaction binding.","Expected UI: Unrelated new purchase gets separate Main Order and separate dedicated Chat. Expected backend: Do not reuse unrelated locked payment history or Chat transaction binding.AUDIT: Preserve relevant security/transaction evidence; do not invent runtime result.","Denial or failure: Source or transaction unavailable: no incorrect merge.TEST SPECIFIED — NOT EXECUTED","NOT RUN","Full register case has not been executed end-to-end. Targeted automated tests are recorded separately in IMPLEMENTATION-VERDICT-2026-10-09.md; not counted as this case passing."
"UDC-S10-AT-016","CONTRACT ACCEPTANCE","UDC-S10-CTR-016CustomerShow configured Dicta Couturier identity without private Staff contacts.","Current Staff identity and customer-safe label; no personal phone/address.","Expected UI: Show configured Dicta Couturier identity without private Staff contacts. Expected backend: Current Staff identity and customer-safe label; no personal phone/address.AUDIT: Preserve relevant security/transaction evidence; do not invent runtime result.","Denial or failure: Ineligible Couturier hidden or marked unavailable as appropriate.TEST SPECIFIED — NOT EXECUTED","NOT RUN","Full register case has not been executed end-to-end. Targeted automated tests are recorded separately in IMPLEMENTATION-VERDICT-2026-10-09.md; not counted as this case passing."
"UDC-S10-AT-017","CONTRACT ACCEPTANCE","UDC-S10-CTR-017StaffFunction ON/OFF differs from availability, eligibility, assignment and authorization.","Function does not itself grant Claim/Assign or unrelated Order read.","Expected UI: Function ON/OFF differs from availability, eligibility, assignment and authorization. Expected backend: Function does not itself grant Claim/Assign or unrelated Order read.AUDIT: Preserve relevant security/transaction evidence; do not invent runtime result.","Denial or failure: Function OFF revokes ordinary scope while preserving authorship.TEST SPECIFIED — NOT EXECUTED","NOT RUN","Full register case has not been executed end-to-end. Targeted automated tests are recorded separately in IMPLEMENTATION-VERDICT-2026-10-09.md; not counted as this case passing."
"UDC-S10-AT-018","CONTRACT ACCEPTANCE","UDC-S10-CTR-018Customer / Authorized StaffIf allowed, suggest least-loaded eligible Couturier without skill/quality claim.","Compare current active workload; tie means no arbitrary winner.","Expected UI: If allowed, suggest least-loaded eligible Couturier without skill/quality claim. Expected backend: Compare current active workload; tie means no arbitrary winner.AUDIT: Preserve relevant security/transaction evidence; do not invent runtime result.","Denial or failure: Unavailable workload => omit recommendation.TEST SPECIFIED — NOT EXECUTED","NOT RUN","Full register case has not been executed end-to-end. Targeted automated tests are recorded separately in IMPLEMENTATION-VERDICT-2026-10-09.md; not counted as this case passing."
"UDC-S10-AT-019","CONTRACT ACCEPTANCE","UDC-S10-CTR-019Assigned Staff / CustomerMain Order has at most one current Couturier; Chat follows owning assignment.","Commit-time exact assignment and capability checks.","Expected UI: Main Order has at most one current Couturier; Chat follows owning assignment. Expected backend: Commit-time exact assignment and capability checks.AUDIT: Preserve relevant security/transaction evidence; do not invent runtime result.","Denial or failure: Concurrent claims/reassignment cannot create two active assignees.TEST SPECIFIED — NOT EXECUTED","NOT RUN","Full register case has not been executed end-to-end. Targeted automated tests are recorded separately in IMPLEMENTATION-VERDICT-2026-10-09.md; not counted as this case passing."
"UDC-S10-AT-020","CONTRACT ACCEPTANCE","UDC-S10-CTR-020Authorized StaffTransfer same Order, Chat, messages, Editions and payment history.","Former assignee loses write authority; historic sender attribution remains.","Expected UI: Transfer same Order, Chat, messages, Editions and payment history. Expected backend: Former assignee loses write authority; historic sender attribution remains.AUDIT: Preserve relevant security/transaction evidence; do not invent runtime result.","Denial or failure: Stale old tab blocked, customer-safe transfer event shown.TEST SPECIFIED — NOT EXECUTED","NOT RUN","Full register case has not been executed end-to-end. Targeted automated tests are recorded separately in IMPLEMENTATION-VERDICT-2026-10-09.md; not counted as this case passing."
"UDC-S10-AT-021","CONTRACT ACCEPTANCE","UDC-S10-CTR-021StaffRead permission and assignment again before consequential message/transaction actions.","Revalidate current Staff principal, assigned scope and revocation at commit.","Expected UI: Read permission and assignment again before consequential message/transaction actions. Expected backend: Revalidate current Staff principal, assigned scope and revocation at commit.AUDIT: Preserve relevant security/transaction evidence; do not invent runtime result.","Denial or failure: Access lost => clear protected staff projection and disable send.TEST SPECIFIED — NOT EXECUTED","NOT RUN","Full register case has not been executed end-to-end. Targeted automated tests are recorded separately in IMPLEMENTATION-VERDICT-2026-10-09.md; not counted as this case passing."
"UDC-S10-AT-022","CONTRACT ACCEPTANCE","UDC-S10-CTR-022CustomerRows show safe title, Couturier, Order number when any, last activity and unread.","Projection must not become underlying Order truth.","Expected UI: Rows show safe title, Couturier, Order number when any, last activity and unread. Expected backend: Projection must not become underlying Order truth.AUDIT: Preserve relevant security/transaction evidence; do not invent runtime result.","Denial or failure: Summary stale: fetch current before protected action.TEST SPECIFIED — NOT EXECUTED","NOT RUN","Full register case has not been executed end-to-end. Targeted automated tests are recorded separately in IMPLEMENTATION-VERDICT-2026-10-09.md; not counted as this case passing."
"UDC-S10-AT-023","CONTRACT ACCEPTANCE","UDC-S10-CTR-023Customer / Authorized StaffDisplay title may change; durable Order Number does not.","Rename inside authorized Order Card context; audit meaningful changes.","Expected UI: Display title may change; durable Order Number does not. Expected backend: Rename inside authorized Order Card context; audit meaningful changes.AUDIT: Preserve relevant security/transaction evidence; do not invent runtime result.","Denial or failure: Conflict => show current persisted title.TEST SPECIFIED — NOT EXECUTED","BLOCKED","Full register case has not been executed end-to-end. Targeted automated tests are recorded separately in IMPLEMENTATION-VERDICT-2026-10-09.md; not counted as this case passing."
"UDC-S10-AT-024","CONTRACT ACCEPTANCE","UDC-S10-CTR-024Customer / Assigned StaffComposer sends eligible ordinary text with meaningful status feedback.","Identity, thread membership, send intent and server timestamp.","Expected UI: Composer sends eligible ordinary text with meaningful status feedback. Expected backend: Identity, thread membership, send intent and server timestamp.AUDIT: Preserve relevant security/transaction evidence; do not invent runtime result.","Denial or failure: No success before commit; reconcile lost response.TEST SPECIFIED — NOT EXECUTED","NOT RUN","Full register case has not been executed end-to-end. Targeted automated tests are recorded separately in IMPLEMENTATION-VERDICT-2026-10-09.md; not counted as this case passing."
"UDC-S10-AT-025","CONTRACT ACCEPTANCE","UDC-S10-CTR-025Customer / StaffDistinguish draft, sending, pending, committed, failed and unknown.","Pending receipt cannot be called sent/received without evidence.","Expected UI: Distinguish draft, sending, pending, committed, failed and unknown. Expected backend: Pending receipt cannot be called sent/received without evidence.AUDIT: Preserve relevant security/transaction evidence; do not invent runtime result.","Denial or failure: Uncertain result blocks duplicate until reconciled.TEST SPECIFIED — NOT EXECUTED","NOT RUN","Full register case has not been executed end-to-end. Targeted automated tests are recorded separately in IMPLEMENTATION-VERDICT-2026-10-09.md; not counted as this case passing."
"UDC-S10-AT-026","CONTRACT ACCEPTANCE","UDC-S10-CTR-026Customer / StaffReply preserves safe source quote and exact in-Chat identity.","Referenced original must belong to accessible same Chat.","Expected UI: Reply preserves safe source quote and exact in-Chat identity. Expected backend: Referenced original must belong to accessible same Chat.AUDIT: Preserve relevant security/transaction evidence; do not invent runtime result.","Denial or failure: Deleted original produces safe tombstone.TEST SPECIFIED — NOT EXECUTED","NOT RUN","Full register case has not been executed end-to-end. Targeted automated tests are recorded separately in IMPLEMENTATION-VERDICT-2026-10-09.md; not counted as this case passing."
"UDC-S10-AT-027","CONTRACT ACCEPTANCE","UDC-S10-CTR-027Customer / StaffCopy allowed text with accessible success indication.","Clipboard action excludes private proof tokens and unsafe media secrets.","Expected UI: Copy allowed text with accessible success indication. Expected backend: Clipboard action excludes private proof tokens and unsafe media secrets.AUDIT: Preserve relevant security/transaction evidence; do not invent runtime result.","Denial or failure: Unsupported media copying shows safe alternative.TEST SPECIFIED — NOT EXECUTED","NOT RUN","Full register case has not been executed end-to-end. Targeted automated tests are recorded separately in IMPLEMENTATION-VERDICT-2026-10-09.md; not counted as this case passing."
"UDC-S10-AT-028","CONTRACT ACCEPTANCE","UDC-S10-CTR-028Original senderServer-recorded send time gates Edit for Everyone; Edited badge reflects commit.","Server timestamp, ownership, current Chat membership, 30-min cutoff, audit.","Expected UI: Server-recorded send time gates Edit for Everyone; Edited badge reflects commit. Expected backend: Server timestamp, ownership, current Chat membership, 30-min cutoff, audit.AUDIT: Preserve relevant security/transaction evidence; do not invent runtime result.","Denial or failure: Expired/stale/unknown show truthful denial or reconcile.TEST SPECIFIED — NOT EXECUTED","NOT RUN","Full register case has not been executed end-to-end. Targeted automated tests are recorded separately in IMPLEMENTATION-VERDICT-2026-10-09.md; not counted as this case passing."
"UDC-S10-AT-029","CONTRACT ACCEPTANCE","UDC-S10-CTR-029Original senderDelete for Everyone leaves a visible tombstone and audit.","Server send time, scope, consent and audit; retained message position.","Expected UI: Delete for Everyone leaves a visible tombstone and audit. Expected backend: Server send time, scope, consent and audit; retained message position.AUDIT: Preserve relevant security/transaction evidence; do not invent runtime result.","Denial or failure: Denied for transaction event and elapsed window.TEST SPECIFIED — NOT EXECUTED","NOT RUN","Full register case has not been executed end-to-end. Targeted automated tests are recorded separately in IMPLEMENTATION-VERDICT-2026-10-09.md; not counted as this case passing."
"UDC-S10-AT-030","CONTRACT ACCEPTANCE","UDC-S10-CTR-030Authorized audit actorPrevious text/edit metadata remain protected from public views.","Audit history private and durable as legally/operationally defined.","Expected UI: Previous text/edit metadata remain protected from public views. Expected backend: Audit history private and durable as legally/operationally defined.AUDIT: Preserve relevant security/transaction evidence; do not invent runtime result.","Denial or failure: Audit unavailable => do not claim successful mutation without trusted confirmation.TEST SPECIFIED — NOT EXECUTED","NOT RUN","Full register case has not been executed end-to-end. Targeted automated tests are recorded separately in IMPLEMENTATION-VERDICT-2026-10-09.md; not counted as this case passing."
"UDC-S10-AT-031","CONTRACT ACCEPTANCE","UDC-S10-CTR-031Customer / StaffStructured business events are rendered separately from normal messages.","No normal Edit/Delete path; immutable owning reference.","Expected UI: Structured business events are rendered separately from normal messages. Expected backend: No normal Edit/Delete path; immutable owning reference.AUDIT: Preserve relevant security/transaction evidence; do not invent runtime result.","Denial or failure: Stale source shows truthful safe state without mutation.TEST SPECIFIED — NOT EXECUTED","NOT RUN","Full register case has not been executed end-to-end. Targeted automated tests are recorded separately in IMPLEMENTATION-VERDICT-2026-10-09.md; not counted as this case passing."
"UDC-S10-AT-032","CONTRACT ACCEPTANCE","UDC-S10-CTR-032Customer / StaffChoose a genuine Product image/context from Shop.","Resolve current Product visibility and reference provenance.","Expected UI: Choose a genuine Product image/context from Shop. Expected backend: Resolve current Product visibility and reference provenance.AUDIT: Preserve relevant security/transaction evidence; do not invent runtime result.","Denial or failure: Removed Product => safe unsupported/unavailable indicator.TEST SPECIFIED — NOT EXECUTED","NOT RUN","Full register case has not been executed end-to-end. Targeted automated tests are recorded separately in IMPLEMENTATION-VERDICT-2026-10-09.md; not counted as this case passing."
"UDC-S10-AT-033","CONTRACT ACCEPTANCE","UDC-S10-CTR-033Customer / StaffChoose/preview a local image for ordinary private Chat.","Validate type/size by owning policy; private upload scope.","Expected UI: Choose/preview a local image for ordinary private Chat. Expected backend: Validate type/size by owning policy; private upload scope.AUDIT: Preserve relevant security/transaction evidence; do not invent runtime result.","Denial or failure: Failure offers retry/remove without losing draft.TEST SPECIFIED — NOT EXECUTED","NOT RUN","Full register case has not been executed end-to-end. Targeted automated tests are recorded separately in IMPLEMENTATION-VERDICT-2026-10-09.md; not counted as this case passing."
"UDC-S10-AT-034","CONTRACT ACCEPTANCE","UDC-S10-CTR-034Customer / StaffReference approved public reusable Review media only.","Public eligibility and media permission checked at use.","Expected UI: Reference approved public reusable Review media only. Expected backend: Public eligibility and media permission checked at use.AUDIT: Preserve relevant security/transaction evidence; do not invent runtime result.","Denial or failure: Withdrawal => safe unavailable context.TEST SPECIFIED — NOT EXECUTED","BLOCKED","Full register case has not been executed end-to-end. Targeted automated tests are recorded separately in IMPLEMENTATION-VERDICT-2026-10-09.md; not counted as this case passing."
"UDC-S10-AT-035","CONTRACT ACCEPTANCE","UDC-S10-CTR-035Customer / StaffUse authorized private device video attachment with preview/progress.","Server validation and private file access.","Expected UI: Use authorized private device video attachment with preview/progress. Expected backend: Server validation and private file access.AUDIT: Preserve relevant security/transaction evidence; do not invent runtime result.","Denial or failure: Interrupted transfer preserves legitimate draft/intent.TEST SPECIFIED — NOT EXECUTED","BLOCKED","Full register case has not been executed end-to-end. Targeted automated tests are recorded separately in IMPLEMENTATION-VERDICT-2026-10-09.md; not counted as this case passing."
"UDC-S10-AT-036","CONTRACT ACCEPTANCE","UDC-S10-CTR-036Customer / Payment StaffSubmitted financial proof is durable Payment Record evidence, not ordinary media gallery.","Financial-specific access and append-only record linkage.","Expected UI: Submitted financial proof is durable Payment Record evidence, not ordinary media gallery. Expected backend: Financial-specific access and append-only record linkage.AUDIT: Preserve relevant security/transaction evidence; do not invent runtime result.","Denial or failure: Unauthorized media access denied and audited where required.TEST SPECIFIED — NOT EXECUTED","NOT RUN","Full register case has not been executed end-to-end. Targeted automated tests are recorded separately in IMPLEMENTATION-VERDICT-2026-10-09.md; not counted as this case passing."
"UDC-S10-AT-037","CONTRACT ACCEPTANCE","UDC-S10-CTR-037Customer / StaffHold microphone, swipe to lock, pause/resume/delete/send.","Permission, recording state and authorization to message.","Expected UI: Hold microphone, swipe to lock, pause/resume/delete/send. Expected backend: Permission, recording state and authorization to message.AUDIT: Preserve relevant security/transaction evidence; do not invent runtime result.","Denial or failure: Denied microphone => clear recoverable state.TEST SPECIFIED — NOT EXECUTED","BLOCKED","Full register case has not been executed end-to-end. Targeted automated tests are recorded separately in IMPLEMENTATION-VERDICT-2026-10-09.md; not counted as this case passing."
"UDC-S10-AT-038","CONTRACT ACCEPTANCE","UDC-S10-CTR-038Customer / StaffClick/press to record and desktop-native Lock/Pause/Resume controls.","Keyboard-safe control, explicit recording status, permission.","Expected UI: Click/press to record and desktop-native Lock/Pause/Resume controls. Expected backend: Keyboard-safe control, explicit recording status, permission.AUDIT: Preserve relevant security/transaction evidence; do not invent runtime result.","Denial or failure: Interruption => draft retained or safely discarded.TEST SPECIFIED — NOT EXECUTED","BLOCKED","Full register case has not been executed end-to-end. Targeted automated tests are recorded separately in IMPLEMENTATION-VERDICT-2026-10-09.md; not counted as this case passing."
"UDC-S10-AT-039","CONTRACT ACCEPTANCE","UDC-S10-CTR-039Customer / StaffVoice Notes are ordinary chronological messages with accessible playback.","Trusted upload identity and idempotent send.","Expected UI: Voice Notes are ordinary chronological messages with accessible playback. Expected backend: Trusted upload identity and idempotent send.AUDIT: Preserve relevant security/transaction evidence; do not invent runtime result.","Denial or failure: Unknown send result reconciled; no duplicate audio.TEST SPECIFIED — NOT EXECUTED","BLOCKED","Full register case has not been executed end-to-end. Targeted automated tests are recorded separately in IMPLEMENTATION-VERDICT-2026-10-09.md; not counted as this case passing."
"UDC-S10-AT-040","CONTRACT ACCEPTANCE","UDC-S10-CTR-040Customer / StaffShow only eligible menu options for current Chat context.","View Order Card and Order Timeline conditional on Main Order.","Expected UI: Show only eligible menu options for current Chat context. Expected backend: View Order Card and Order Timeline conditional on Main Order.AUDIT: Preserve relevant security/transaction evidence; do not invent runtime result.","Denial or failure: Unavailable context hides/denies inapplicable actions.TEST SPECIFIED — NOT EXECUTED","NOT RUN","Full register case has not been executed end-to-end. Targeted automated tests are recorded separately in IMPLEMENTATION-VERDICT-2026-10-09.md; not counted as this case passing."
"UDC-S10-AT-041","CONTRACT ACCEPTANCE","UDC-S10-CTR-041Customer / StaffScoped search, highlights, exact result focus, no-match and retry.","Only current accessible Chat; deleted source semantics respected.","Expected UI: Scoped search, highlights, exact result focus, no-match and retry. Expected backend: Only current accessible Chat; deleted source semantics respected.AUDIT: Preserve relevant security/transaction evidence; do not invent runtime result.","Denial or failure: Search unavailable => no cross-chat fallback.TEST SPECIFIED — NOT EXECUTED","NOT RUN","Full register case has not been executed end-to-end. Targeted automated tests are recorded separately in IMPLEMENTATION-VERDICT-2026-10-09.md; not counted as this case passing."
"UDC-S10-AT-042","CONTRACT ACCEPTANCE","UDC-S10-CTR-042Customer / StaffBrowse only ordinary eligible Chat media.","No financial proof, private pending Review or unrelated uploads.","Expected UI: Browse only ordinary eligible Chat media. Expected backend: No financial proof, private pending Review or unrelated uploads.AUDIT: Preserve relevant security/transaction evidence; do not invent runtime result.","Denial or failure: Revoked file => safe unavailable state.TEST SPECIFIED — NOT EXECUTED","NOT RUN","Full register case has not been executed end-to-end. Targeted automated tests are recorded separately in IMPLEMENTATION-VERDICT-2026-10-09.md; not counted as this case passing."
"UDC-S10-AT-043","CONTRACT ACCEPTANCE","UDC-S10-CTR-043CustomerBrowse permitted prior distinct Chat threads with that Couturier.","Preserve distinct Main Order identities and historical authorship.","Expected UI: Browse permitted prior distinct Chat threads with that Couturier. Expected backend: Preserve distinct Main Order identities and historical authorship.AUDIT: Preserve relevant security/transaction evidence; do not invent runtime result.","Denial or failure: Transferred Staff appears historical, not implicit current assignee.TEST SPECIFIED — NOT EXECUTED","NOT RUN","Full register case has not been executed end-to-end. Targeted automated tests are recorded separately in IMPLEMENTATION-VERDICT-2026-10-09.md; not counted as this case passing."
"UDC-S10-AT-044","CONTRACT ACCEPTANCE","UDC-S10-CTR-044Customer / StaffAt most one structured current actionable pin on the Order Chat.","Pin points to authoritative current Edition/Extension; atomic target update.","Expected UI: At most one structured current actionable pin on the Order Chat. Expected backend: Pin points to authoritative current Edition/Extension; atomic target update.AUDIT: Preserve relevant security/transaction evidence; do not invent runtime result.","Denial or failure: Stale pin reconciles; old states remain history.TEST SPECIFIED — NOT EXECUTED","NOT RUN","Full register case has not been executed end-to-end. Targeted automated tests are recorded separately in IMPLEMENTATION-VERDICT-2026-10-09.md; not counted as this case passing."
"UDC-S10-AT-045","CONTRACT ACCEPTANCE","UDC-S10-CTR-045Customer / StaffNew current target replaces the single pin without erasing old events.","Expected-state guard and event cross-reference.","Expected UI: New current target replaces the single pin without erasing old events. Expected backend: Expected-state guard and event cross-reference.AUDIT: Preserve relevant security/transaction evidence; do not invent runtime result.","Denial or failure: Concurrent pin changes resolve to authoritative current state.TEST SPECIFIED — NOT EXECUTED","NOT RUN","Full register case has not been executed end-to-end. Targeted automated tests are recorded separately in IMPLEMENTATION-VERDICT-2026-10-09.md; not counted as this case passing."
"UDC-S10-AT-046","CONTRACT ACCEPTANCE","UDC-S10-CTR-046CustomerOpen exact authorized Edition or Payment event from My Closet.","Target resolves customer+MainOrder+Chat+event and history paging.","Expected UI: Open exact authorized Edition or Payment event from My Closet. Expected backend: Target resolves customer+MainOrder+Chat+event and history paging.AUDIT: Preserve relevant security/transaction evidence; do not invent runtime result.","Denial or failure: Unavailable target => truthful safe fallback.TEST SPECIFIED — NOT EXECUTED","NOT RUN","Full register case has not been executed end-to-end. Targeted automated tests are recorded separately in IMPLEMENTATION-VERDICT-2026-10-09.md; not counted as this case passing."
"UDC-S10-AT-047","CONTRACT ACCEPTANCE","UDC-S10-CTR-047Customer / StaffPresent real Section 8 Order Card summary and permitted detail.","Exact Main Order and current Edition; action permissions remote/authoritative.","Expected UI: Present real Section 8 Order Card summary and permitted detail. Expected backend: Exact Main Order and current Edition; action permissions remote/authoritative.AUDIT: Preserve relevant security/transaction evidence; do not invent runtime result.","Denial or failure: Unavailable/stale data blocks mutation.TEST SPECIFIED — NOT EXECUTED","NOT RUN","Full register case has not been executed end-to-end. Targeted automated tests are recorded separately in IMPLEMENTATION-VERDICT-2026-10-09.md; not counted as this case passing."
"UDC-S10-AT-048","CONTRACT ACCEPTANCE","UDC-S10-CTR-048Customer / Authorized StaffDisplay older immutable Editions distinct from working Edition.","Historical data derived from Section 8; actor/time protected.","Expected UI: Display older immutable Editions distinct from working Edition. Expected backend: Historical data derived from Section 8; actor/time protected.AUDIT: Preserve relevant security/transaction evidence; do not invent runtime result.","Denial or failure: Older snapshot unavailable => safe historical limitation.TEST SPECIFIED — NOT EXECUTED","NOT RUN","Full register case has not been executed end-to-end. Targeted automated tests are recorded separately in IMPLEMENTATION-VERDICT-2026-10-09.md; not counted as this case passing."
"UDC-S10-AT-049","CONTRACT ACCEPTANCE","UDC-S10-CTR-049Customer / StaffShow chronological meaningful Order/transfer/payment lifecycle events.","Do not synthesize transactional records from notification text.","Expected UI: Show chronological meaningful Order/transfer/payment lifecycle events. Expected backend: Do not synthesize transactional records from notification text.AUDIT: Preserve relevant security/transaction evidence; do not invent runtime result.","Denial or failure: Missing event reference => safe fallback.TEST SPECIFIED — NOT EXECUTED","NOT RUN","Full register case has not been executed end-to-end. Targeted automated tests are recorded separately in IMPLEMENTATION-VERDICT-2026-10-09.md; not counted as this case passing."
"UDC-S10-AT-050","CONTRACT ACCEPTANCE","UDC-S10-CTR-050Authorized StaffShow approval of correct current Edition.","Revalidation of Edition and current Staff permission.","Expected UI: Show approval of correct current Edition. Expected backend: Revalidation of Edition and current Staff permission.AUDIT: Preserve relevant security/transaction evidence; do not invent runtime result.","Denial or failure: Changed Edition requires new approval.TEST SPECIFIED — NOT EXECUTED","NOT RUN","Full register case has not been executed end-to-end. Targeted automated tests are recorded separately in IMPLEMENTATION-VERDICT-2026-10-09.md; not counted as this case passing."
"UDC-S10-AT-051","CONTRACT ACCEPTANCE","UDC-S10-CTR-051CustomerRequire specific current Edition final approval after staff approval.","Match signed-in customer and Edition version.","Expected UI: Require specific current Edition final approval after staff approval. Expected backend: Match signed-in customer and Edition version.AUDIT: Preserve relevant security/transaction evidence; do not invent runtime result.","Denial or failure: Stale Edition => denial/review current state.TEST SPECIFIED — NOT EXECUTED","NOT RUN","Full register case has not been executed end-to-end. Targeted automated tests are recorded separately in IMPLEMENTATION-VERDICT-2026-10-09.md; not counted as this case passing."
"UDC-S10-AT-052","CONTRACT ACCEPTANCE","UDC-S10-CTR-052Authorized StaffAfter correct approvals, authorized Staff enables payment.","No actionable Amount Due Now prior to enablement.","Expected UI: After correct approvals, authorized Staff enables payment. Expected backend: No actionable Amount Due Now prior to enablement.AUDIT: Preserve relevant security/transaction evidence; do not invent runtime result.","Denial or failure: Unknown enable result reconciled before action repeat.TEST SPECIFIED — NOT EXECUTED","NOT RUN","Full register case has not been executed end-to-end. Targeted automated tests are recorded separately in IMPLEMENTATION-VERDICT-2026-10-09.md; not counted as this case passing."
"UDC-S10-AT-053","CONTRACT ACCEPTANCE","UDC-S10-CTR-053CustomerShow authoritative current amount and transfer method only when payable.","No universal 60%; Bank Transfer Only; configured details.","Expected UI: Show authoritative current amount and transfer method only when payable. Expected backend: No universal 60%; Bank Transfer Only; configured details.AUDIT: Preserve relevant security/transaction evidence; do not invent runtime result.","Denial or failure: Payment configuration unavailable => block unsafe instructions.TEST SPECIFIED — NOT EXECUTED","NOT RUN","Full register case has not been executed end-to-end. Targeted automated tests are recorded separately in IMPLEMENTATION-VERDICT-2026-10-09.md; not counted as this case passing."
"UDC-S10-AT-054","CONTRACT ACCEPTANCE","UDC-S10-CTR-054Customer / Authorized Payment StaffDraft proof differs from permanently submitted record and Under Review.","Append-only submitted proof, Verified only after authorization.","Expected UI: Draft proof differs from permanently submitted record and Under Review. Expected backend: Append-only submitted proof, Verified only after authorization.AUDIT: Preserve relevant security/transaction evidence; do not invent runtime result.","Denial or failure: Needs Attention => new valid evidence, not overwrite.TEST SPECIFIED — NOT EXECUTED","NOT RUN","Full register case has not been executed end-to-end. Targeted automated tests are recorded separately in IMPLEMENTATION-VERDICT-2026-10-09.md; not counted as this case passing."
"UDC-S10-AT-055","CONTRACT ACCEPTANCE","UDC-S10-CTR-055Customer / StaffDisplay verified paid totals and financial status without marking Order Completed.","Unverified proof excluded from confirmed totals.","Expected UI: Display verified paid totals and financial status without marking Order Completed. Expected backend: Unverified proof excluded from confirmed totals.AUDIT: Preserve relevant security/transaction evidence; do not invent runtime result.","Denial or failure: Partial/rejected statuses remain accurate and separate.TEST SPECIFIED — NOT EXECUTED","NOT RUN","Full register case has not been executed end-to-end. Targeted automated tests are recorded separately in IMPLEMENTATION-VERDICT-2026-10-09.md; not counted as this case passing."
"UDC-S10-AT-056","CONTRACT ACCEPTANCE","UDC-S10-CTR-056Customer / StaffRelated payable post-lock work uses same Main Order/Chat and separately governed extension.","At most one active Extension; own approvals/ledger; original paid history locked.","Expected UI: Related payable post-lock work uses same Main Order/Chat and separately governed extension. Expected backend: At most one active Extension; own approvals/ledger; original paid history locked.AUDIT: Preserve relevant security/transaction evidence; do not invent runtime result.","Denial or failure: Staff proposal not active until customer acceptance.TEST SPECIFIED — NOT EXECUTED","NOT RUN","Full register case has not been executed end-to-end. Targeted automated tests are recorded separately in IMPLEMENTATION-VERDICT-2026-10-09.md; not counted as this case passing."
"UDC-S10-AT-057","CONTRACT ACCEPTANCE","UDC-S10-CTR-057Authorized Staff / CustomerSeparate authorized completion results in dormant/read-only transaction Chat.","No active eligible Extension or outstanding ownership obligations.","Expected UI: Separate authorized completion results in dormant/read-only transaction Chat. Expected backend: No active eligible Extension or outstanding ownership obligations.AUDIT: Preserve relevant security/transaction evidence; do not invent runtime result.","Denial or failure: Payment completion alone does not close Chat.TEST SPECIFIED — NOT EXECUTED","NOT RUN","Full register case has not been executed end-to-end. Targeted automated tests are recorded separately in IMPLEMENTATION-VERDICT-2026-10-09.md; not counted as this case passing."
"UDC-S10-AT-058","CONTRACT ACCEPTANCE","UDC-S10-CTR-058Customer / Authorized StaffAccepted extension reopens same Chat for eligible work.","Validate reactivation and fresh assignment; paid historic Editions remain locked.","Expected UI: Accepted extension reopens same Chat for eligible work. Expected backend: Validate reactivation and fresh assignment; paid historic Editions remain locked.AUDIT: Preserve relevant security/transaction evidence; do not invent runtime result.","Denial or failure: Denied Extension leaves historical Chat dormant.TEST SPECIFIED — NOT EXECUTED","NOT RUN","Full register case has not been executed end-to-end. Targeted automated tests are recorded separately in IMPLEMENTATION-VERDICT-2026-10-09.md; not counted as this case passing."
"UDC-S10-AT-059","CONTRACT ACCEPTANCE","UDC-S10-CTR-059CustomerUnread indicators inform attention but do not establish transactional truth.","Reconcile count/current event from authoritative sources.","Expected UI: Unread indicators inform attention but do not establish transactional truth. Expected backend: Reconcile count/current event from authoritative sources.AUDIT: Preserve relevant security/transaction evidence; do not invent runtime result.","Denial or failure: Delivery failure must not erase transaction history.TEST SPECIFIED — NOT EXECUTED","NOT RUN","Full register case has not been executed end-to-end. Targeted automated tests are recorded separately in IMPLEMENTATION-VERDICT-2026-10-09.md; not counted as this case passing."
"UDC-S10-AT-060","CONTRACT ACCEPTANCE","UDC-S10-CTR-060Customer / StaffPresence and typing are approximate, privacy-safe and lightweight.","Do not expose draft text or promise response timing.","Expected UI: Presence and typing are approximate, privacy-safe and lightweight. Expected backend: Do not expose draft text or promise response timing.AUDIT: Preserve relevant security/transaction evidence; do not invent runtime result.","Denial or failure: Connection absent => unknown/offline state.TEST SPECIFIED — NOT EXECUTED","NOT RUN","Full register case has not been executed end-to-end. Targeted automated tests are recorded separately in IMPLEMENTATION-VERDICT-2026-10-09.md; not counted as this case passing."
"UDC-S10-AT-061","CONTRACT ACCEPTANCE","UDC-S10-CTR-061Customer / StaffSettings affect permitted notifications without altering authoritative Order state.","Per-principal preferences with authenticated mutation.","Expected UI: Settings affect permitted notifications without altering authoritative Order state. Expected backend: Per-principal preferences with authenticated mutation.AUDIT: Preserve relevant security/transaction evidence; do not invent runtime result.","Denial or failure: Preference update unknown => reconcile; no fake success.TEST SPECIFIED — NOT EXECUTED","NOT RUN","Full register case has not been executed end-to-end. Targeted automated tests are recorded separately in IMPLEMENTATION-VERDICT-2026-10-09.md; not counted as this case passing."
"UDC-S10-AT-062","CONTRACT ACCEPTANCE","UDC-S10-CTR-062Customer / StaffAll reads/writes scoped to current conversation and actor capability.","Authorization server-side and object-scoped.","Expected UI: All reads/writes scoped to current conversation and actor capability. Expected backend: Authorization server-side and object-scoped.AUDIT: Preserve relevant security/transaction evidence; do not invent runtime result.","Denial or failure: Wrong target, revoked account or role => denied with safe UI.TEST SPECIFIED — NOT EXECUTED","NOT RUN","Full register case has not been executed end-to-end. Targeted automated tests are recorded separately in IMPLEMENTATION-VERDICT-2026-10-09.md; not counted as this case passing."
"UDC-S10-AT-063","CONTRACT ACCEPTANCE","UDC-S10-CTR-063Customer / StaffKeep Chat, Custom Style, Review and Payment media classes separate.","Storage access per classification and purpose, not provider-wide.","Expected UI: Keep Chat, Custom Style, Review and Payment media classes separate. Expected backend: Storage access per classification and purpose, not provider-wide.AUDIT: Preserve relevant security/transaction evidence; do not invent runtime result.","Denial or failure: Expired token or revoked access => no cross-purpose fallback.TEST SPECIFIED — NOT EXECUTED","NOT RUN","Full register case has not been executed end-to-end. Targeted automated tests are recorded separately in IMPLEMENTATION-VERDICT-2026-10-09.md; not counted as this case passing."
"UDC-S10-AT-064","CONTRACT ACCEPTANCE","UDC-S10-CTR-064System / Authorized StaffAudit corrections, assignments and consequential actions without rewriting business truth.","Immutable evidence belongs to owning system; notifications/views read it.","Expected UI: Audit corrections, assignments and consequential actions without rewriting business truth. Expected backend: Immutable evidence belongs to owning system; notifications/views read it.AUDIT: Preserve relevant security/transaction evidence; do not invent runtime result.","Denial or failure: Unknown effect => reconcile authoritative object.TEST SPECIFIED — NOT EXECUTED","NOT RUN","Full register case has not been executed end-to-end. Targeted automated tests are recorded separately in IMPLEMENTATION-VERDICT-2026-10-09.md; not counted as this case passing."
"UDC-S10-AT-065","CONTRACT ACCEPTANCE","UDC-S10-CTR-065Customer / StaffVisible cached history or drafts flagged not-current; no fabricated committed status.","Account-bound caches, current session, careful resync.","Expected UI: Visible cached history or drafts flagged not-current; no fabricated committed status. Expected backend: Account-bound caches, current session, careful resync.AUDIT: Preserve relevant security/transaction evidence; do not invent runtime result.","Denial or failure: Offline => suspend protected mutations.TEST SPECIFIED — NOT EXECUTED","NOT RUN","Full register case has not been executed end-to-end. Targeted automated tests are recorded separately in IMPLEMENTATION-VERDICT-2026-10-09.md; not counted as this case passing."
"UDC-S10-AT-066","CONTRACT ACCEPTANCE","UDC-S10-CTR-066Customer / StaffLost response prompts reconciliation of original send intent.","Retain stable logical intent and check actual message/audit before reattempt.","Expected UI: Lost response prompts reconciliation of original send intent. Expected backend: Retain stable logical intent and check actual message/audit before reattempt.AUDIT: Preserve relevant security/transaction evidence; do not invent runtime result.","Denial or failure: Unverifiable outcome remains explicitly unknown.TEST SPECIFIED — NOT EXECUTED","NOT RUN","Full register case has not been executed end-to-end. Targeted automated tests are recorded separately in IMPLEMENTATION-VERDICT-2026-10-09.md; not counted as this case passing."
"UDC-S10-AT-067","CONTRACT ACCEPTANCE","UDC-S10-CTR-067Customer / StaffUpdated Edition, payment, assignment or Current Pin must revalidate before action.","Expected revision/state guard on actionable source objects.","Expected UI: Updated Edition, payment, assignment or Current Pin must revalidate before action. Expected backend: Expected revision/state guard on actionable source objects.AUDIT: Preserve relevant security/transaction evidence; do not invent runtime result.","Denial or failure: Conflict => refresh current record; preserve draft safely.TEST SPECIFIED — NOT EXECUTED","NOT RUN","Full register case has not been executed end-to-end. Targeted automated tests are recorded separately in IMPLEMENTATION-VERDICT-2026-10-09.md; not counted as this case passing."
"UDC-S10-AT-068","CONTRACT ACCEPTANCE","UDC-S10-CTR-068Customer / StaffDesktop conversation rail, header, bubbles, current context and full composer.","Keyboard-driven contextual actions, responsive layout and no floating support panel.","Expected UI: Desktop conversation rail, header, bubbles, current context and full composer. Expected backend: Keyboard-driven contextual actions, responsive layout and no floating support panel.AUDIT: Preserve relevant security/transaction evidence; do not invent runtime result.","Denial or failure: Narrow desktop reflows controls without clipping.TEST SPECIFIED — NOT EXECUTED","NOT RUN","Full register case has not been executed end-to-end. Targeted automated tests are recorded separately in IMPLEMENTATION-VERDICT-2026-10-09.md; not counted as this case passing."
"UDC-S10-AT-069","CONTRACT ACCEPTANCE","UDC-S10-CTR-069CustomerPurpose-built mobile layout with bottom-nav clearance and long-press menus.","Menu/Logo/Search/CustomStyle/Reviews top; Home/Shop/Chats/My Closet bottom.","Expected UI: Purpose-built mobile layout with bottom-nav clearance and long-press menus. Expected backend: Menu/Logo/Search/CustomStyle/Reviews top; Home/Shop/Chats/My Closet bottom.AUDIT: Preserve relevant security/transaction evidence; do not invent runtime result.","Denial or failure: Safe-area and overflow testing.TEST SPECIFIED — NOT EXECUTED","NOT RUN","Full register case has not been executed end-to-end. Targeted automated tests are recorded separately in IMPLEMENTATION-VERDICT-2026-10-09.md; not counted as this case passing."
"UDC-S10-AT-070","CONTRACT ACCEPTANCE","UDC-S10-CTR-070Customer / StaffIntermediate layout preserving readable messages, menus, Pin and composer.","No tiny columns; conditional rail/sheet transition.","Expected UI: Intermediate layout preserving readable messages, menus, Pin and composer. Expected backend: No tiny columns; conditional rail/sheet transition.AUDIT: Preserve relevant security/transaction evidence; do not invent runtime result.","Denial or failure: Viewport/resized state retains draft/context.TEST SPECIFIED — NOT EXECUTED","NOT RUN","Full register case has not been executed end-to-end. Targeted automated tests are recorded separately in IMPLEMENTATION-VERDICT-2026-10-09.md; not counted as this case passing."
"UDC-S10-AT-071","CONTRACT ACCEPTANCE","UDC-S10-CTR-071Customer / StaffAccessible buttons, log, polite feedback, menus and responsive touch targets.","Visible focus, semantic context/actions, reduced motion, meaningful media labels.","Expected UI: Accessible buttons, log, polite feedback, menus and responsive touch targets. Expected backend: Visible focus, semantic context/actions, reduced motion, meaningful media labels.AUDIT: Preserve relevant security/transaction evidence; do not invent runtime result.","Denial or failure: Screen-reader announcements reflect actual events only.TEST SPECIFIED — NOT EXECUTED","NOT RUN","Full register case has not been executed end-to-end. Targeted automated tests are recorded separately in IMPLEMENTATION-VERDICT-2026-10-09.md; not counted as this case passing."
"UDC-S10-AT-072","CONTRACT ACCEPTANCE","UDC-S10-CTR-072Customer / StaffLoad older pages without losing position or forcing jump from old content.","Server-order cursor; stable scroll anchor; unread/new message indicator.","Expected UI: Load older pages without losing position or forcing jump from old content. Expected backend: Server-order cursor; stable scroll anchor; unread/new message indicator.AUDIT: Preserve relevant security/transaction evidence; do not invent runtime result.","Denial or failure: Older load failure preserves current visible messages.TEST SPECIFIED — NOT EXECUTED","NOT RUN","Full register case has not been executed end-to-end. Targeted automated tests are recorded separately in IMPLEMENTATION-VERDICT-2026-10-09.md; not counted as this case passing."
"UDC-S10-AT-073","CONTRACT ACCEPTANCE","UDC-S10-CTR-073System / DeveloperPreserve existing customer-ID-keyed conversation history while enabling multiple durable conversation identities.","Inventory existing physical references, map legacy safely, phased reversible read/write transition, backups/audit.","Expected UI: Preserve existing customer-ID-keyed conversation history while enabling multiple durable conversation identities. Expected backend: Inventory existing physical references, map legacy safely, phased reversible read/write transition, backups/audit.AUDIT: Preserve relevant security/transaction evidence; do not invent runtime result.","Denial or failure: Partial migration/unknown outcome safe; cross-customer migration denied.TEST SPECIFIED — NOT EXECUTED","NOT RUN","Full register case has not been executed end-to-end. Targeted automated tests are recorded separately in IMPLEMENTATION-VERDICT-2026-10-09.md; not counted as this case passing."
"UDC-S10-AT-074","CONTRACT ACCEPTANCE","UDC-S10-CTR-074Authorized StaffRetain scoped general assistance and reconciliation behavior until transition validated.","Capability/object-scoped staff reads and send audit.","Expected UI: Retain scoped general assistance and reconciliation behavior until transition validated. Expected backend: Capability/object-scoped staff reads and send audit.AUDIT: Preserve relevant security/transaction evidence; do not invent runtime result.","Denial or failure: Revoked staff reads withdrawn and send denied.TEST SPECIFIED — NOT EXECUTED","NOT RUN","Full register case has not been executed end-to-end. Targeted automated tests are recorded separately in IMPLEMENTATION-VERDICT-2026-10-09.md; not counted as this case passing."
"UDC-S10-AT-075","SECURITY / CONCURRENCY / RECOVERY","UDC-S10-CTR-006CustomerCustomer creates identical Free Chat in two tabs","Existing authenticated state and source/role precondition; construct controlled conflicting action.","One eligible Free thread; second request reuses committed identity.AUDIT: Capture authorized state before/after and trusted audit evidence where applicable.","Forbidden mutation, disclosure or duplicate must not occur.TEST SPECIFIED — NOT EXECUTED","NOT RUN","Full register case has not been executed end-to-end. Targeted automated tests are recorded separately in IMPLEMENTATION-VERDICT-2026-10-09.md; not counted as this case passing."
"UDC-S10-AT-076","SECURITY / CONCURRENCY / RECOVERY","UDC-S10-CTR-006CustomerDifferent Couturier relationships","Existing authenticated state and source/role precondition; construct controlled conflicting action.","Separate legitimate relationship threads without cross-assignment.AUDIT: Capture authorized state before/after and trusted audit evidence where applicable.","Forbidden mutation, disclosure or duplicate must not occur.TEST SPECIFIED — NOT EXECUTED","NOT RUN","Full register case has not been executed end-to-end. Targeted automated tests are recorded separately in IMPLEMENTATION-VERDICT-2026-10-09.md; not counted as this case passing."
"UDC-S10-AT-077","SECURITY / CONCURRENCY / RECOVERY","UDC-S10-CTR-011CustomerSecond unrelated Product order","Existing authenticated state and source/role precondition; construct controlled conflicting action.","Separate Main Order and Chat, no historical transaction merge.AUDIT: Capture authorized state before/after and trusted audit evidence where applicable.","Forbidden mutation, disclosure or duplicate must not occur.TEST SPECIFIED — NOT EXECUTED","NOT RUN","Full register case has not been executed end-to-end. Targeted automated tests are recorded separately in IMPLEMENTATION-VERDICT-2026-10-09.md; not counted as this case passing."
"UDC-S10-AT-078","SECURITY / CONCURRENCY / RECOVERY","UDC-S10-CTR-011CustomerSame Main Order new Entry/Edition","Existing authenticated state and source/role precondition; construct controlled conflicting action.","No additional Chat or duplicate Current Pin.AUDIT: Capture authorized state before/after and trusted audit evidence where applicable.","Forbidden mutation, disclosure or duplicate must not occur.TEST SPECIFIED — NOT EXECUTED","NOT RUN","Full register case has not been executed end-to-end. Targeted automated tests are recorded separately in IMPLEMENTATION-VERDICT-2026-10-09.md; not counted as this case passing."
"UDC-S10-AT-079","SECURITY / CONCURRENCY / RECOVERY","UDC-S10-CTR-011CustomerCustomer uses Staff import endpoint","Existing authenticated state and source/role precondition; construct controlled conflicting action.","Denied; no Main Order created.AUDIT: Capture authorized state before/after and trusted audit evidence where applicable.","Forbidden mutation, disclosure or duplicate must not occur.TEST SPECIFIED — NOT EXECUTED","NOT RUN","Full register case has not been executed end-to-end. Targeted automated tests are recorded separately in IMPLEMENTATION-VERDICT-2026-10-09.md; not counted as this case passing."
"UDC-S10-AT-080","SECURITY / CONCURRENCY / RECOVERY","UDC-S10-CTR-011CustomerProduct Order send acknowledgment lost","Existing authenticated state and source/role precondition; construct controlled conflicting action.","Find committed Order/Chat using original intent before retry.AUDIT: Capture authorized state before/after and trusted audit evidence where applicable.","Forbidden mutation, disclosure or duplicate must not occur.TEST SPECIFIED — NOT EXECUTED","NOT RUN","Full register case has not been executed end-to-end. Targeted automated tests are recorded separately in IMPLEMENTATION-VERDICT-2026-10-09.md; not counted as this case passing."
"UDC-S10-AT-081","SECURITY / CONCURRENCY / RECOVERY","UDC-S10-CTR-011CustomerCustom Style order submission repeated","Existing authenticated state and source/role precondition; construct controlled conflicting action.","One snapshot/Main Order/Chat, customer details preserved privately.AUDIT: Capture authorized state before/after and trusted audit evidence where applicable.","Forbidden mutation, disclosure or duplicate must not occur.TEST SPECIFIED — NOT EXECUTED","NOT RUN","Full register case has not been executed end-to-end. Targeted automated tests are recorded separately in IMPLEMENTATION-VERDICT-2026-10-09.md; not counted as this case passing."
"UDC-S10-AT-082","SECURITY / CONCURRENCY / RECOVERY","UDC-S10-CTR-008Customer / CouturierPublic Review withdrawn during Chat","Existing authenticated state and source/role precondition; construct controlled conflicting action.","Safe unavailable context; original reviewer private Order inaccessible.AUDIT: Capture authorized state before/after and trusted audit evidence where applicable.","Forbidden mutation, disclosure or duplicate must not occur.TEST SPECIFIED — NOT EXECUTED","NOT RUN","Full register case has not been executed end-to-end. Targeted automated tests are recorded separately in IMPLEMENTATION-VERDICT-2026-10-09.md; not counted as this case passing."
"UDC-S10-AT-083","SECURITY / CONCURRENCY / RECOVERY","UDC-S10-CTR-028Original senderMessage Edit with client clock moved backward","Existing authenticated state and source/role precondition; construct controlled conflicting action.","Server cutoff enforced; expired action denied.AUDIT: Capture authorized state before/after and trusted audit evidence where applicable.","Forbidden mutation, disclosure or duplicate must not occur.TEST SPECIFIED — NOT EXECUTED","NOT RUN","Full register case has not been executed end-to-end. Targeted automated tests are recorded separately in IMPLEMENTATION-VERDICT-2026-10-09.md; not counted as this case passing."
"UDC-S10-AT-084","SECURITY / CONCURRENCY / RECOVERY","UDC-S10-CTR-028Original senderMessage Delete transaction event","Existing authenticated state and source/role precondition; construct controlled conflicting action.","Denied; protected event intact.AUDIT: Capture authorized state before/after and trusted audit evidence where applicable.","Forbidden mutation, disclosure or duplicate must not occur.TEST SPECIFIED — NOT EXECUTED","NOT RUN","Full register case has not been executed end-to-end. Targeted automated tests are recorded separately in IMPLEMENTATION-VERDICT-2026-10-09.md; not counted as this case passing."
"UDC-S10-AT-085","SECURITY / CONCURRENCY / RECOVERY","UDC-S10-CTR-028Original senderNormal message Delete within 30 min","Existing authenticated state and source/role precondition; construct controlled conflicting action.","Tombstone remains, audit preserved.AUDIT: Capture authorized state before/after and trusted audit evidence where applicable.","Forbidden mutation, disclosure or duplicate must not occur.TEST SPECIFIED — NOT EXECUTED","NOT RUN","Full register case has not been executed end-to-end. Targeted automated tests are recorded separately in IMPLEMENTATION-VERDICT-2026-10-09.md; not counted as this case passing."
"UDC-S10-AT-086","SECURITY / CONCURRENCY / RECOVERY","UDC-S10-CTR-028Original senderForeign sender tries to edit a message","Existing authenticated state and source/role precondition; construct controlled conflicting action.","Denied without exposure.AUDIT: Capture authorized state before/after and trusted audit evidence where applicable.","Forbidden mutation, disclosure or duplicate must not occur.TEST SPECIFIED — NOT EXECUTED","NOT RUN","Full register case has not been executed end-to-end. Targeted automated tests are recorded separately in IMPLEMENTATION-VERDICT-2026-10-09.md; not counted as this case passing."
"UDC-S10-AT-087","SECURITY / CONCURRENCY / RECOVERY","UDC-S10-CTR-019Assigned Staff / CustomerTransfer during old Couturier send","Existing authenticated state and source/role precondition; construct controlled conflicting action.","Old write rejected, new scoped actor remains current.AUDIT: Capture authorized state before/after and trusted audit evidence where applicable.","Forbidden mutation, disclosure or duplicate must not occur.TEST SPECIFIED — NOT EXECUTED","NOT RUN","Full register case has not been executed end-to-end. Targeted automated tests are recorded separately in IMPLEMENTATION-VERDICT-2026-10-09.md; not counted as this case passing."
"UDC-S10-AT-088","SECURITY / CONCURRENCY / RECOVERY","UDC-S10-CTR-019Assigned Staff / CustomerConcurrent Staff transfer proposals","Existing authenticated state and source/role precondition; construct controlled conflicting action.","At most one current valid assignment.AUDIT: Capture authorized state before/after and trusted audit evidence where applicable.","Forbidden mutation, disclosure or duplicate must not occur.TEST SPECIFIED — NOT EXECUTED","NOT RUN","Full register case has not been executed end-to-end. Targeted automated tests are recorded separately in IMPLEMENTATION-VERDICT-2026-10-09.md; not counted as this case passing."
"UDC-S10-AT-089","SECURITY / CONCURRENCY / RECOVERY","UDC-S10-CTR-016CustomerStaff Function OFF while tab remains open","Existing authenticated state and source/role precondition; construct controlled conflicting action.","Assignment-derived Chat write denied, historical authorship remains.AUDIT: Capture authorized state before/after and trusted audit evidence where applicable.","Forbidden mutation, disclosure or duplicate must not occur.TEST SPECIFIED — NOT EXECUTED","NOT RUN","Full register case has not been executed end-to-end. Targeted automated tests are recorded separately in IMPLEMENTATION-VERDICT-2026-10-09.md; not counted as this case passing."
"UDC-S10-AT-090","SECURITY / CONCURRENCY / RECOVERY","UDC-S10-CTR-032Customer / StaffPayment proof opened in Chat Photos & Videos","Existing authenticated state and source/role precondition; construct controlled conflicting action.","Excluded; proper financial access required.AUDIT: Capture authorized state before/after and trusted audit evidence where applicable.","Forbidden mutation, disclosure or duplicate must not occur.TEST SPECIFIED — NOT EXECUTED","NOT RUN","Full register case has not been executed end-to-end. Targeted automated tests are recorded separately in IMPLEMENTATION-VERDICT-2026-10-09.md; not counted as this case passing."
"UDC-S10-AT-091","SECURITY / CONCURRENCY / RECOVERY","UDC-S10-CTR-032Customer / StaffUnapproved Dicta Moment video referenced","Existing authenticated state and source/role precondition; construct controlled conflicting action.","Denied; private moderation media never exposed.AUDIT: Capture authorized state before/after and trusted audit evidence where applicable.","Forbidden mutation, disclosure or duplicate must not occur.TEST SPECIFIED — NOT EXECUTED","NOT RUN","Full register case has not been executed end-to-end. Targeted automated tests are recorded separately in IMPLEMENTATION-VERDICT-2026-10-09.md; not counted as this case passing."
"UDC-S10-AT-092","SECURITY / CONCURRENCY / RECOVERY","UDC-S10-CTR-008Customer / CouturierStale Product reference sent","Existing authenticated state and source/role precondition; construct controlled conflicting action.","Unavailable safe marker; not another Product.AUDIT: Capture authorized state before/after and trusted audit evidence where applicable.","Forbidden mutation, disclosure or duplicate must not occur.TEST SPECIFIED — NOT EXECUTED","NOT RUN","Full register case has not been executed end-to-end. Targeted automated tests are recorded separately in IMPLEMENTATION-VERDICT-2026-10-09.md; not counted as this case passing."
"UDC-S10-AT-093","SECURITY / CONCURRENCY / RECOVERY","UDC-S10-CTR-032Customer / StaffMedia upload interrupted and retried","Existing authenticated state and source/role precondition; construct controlled conflicting action.","Committed media not duplicated; draft and failure state preserved.AUDIT: Capture authorized state before/after and trusted audit evidence where applicable.","Forbidden mutation, disclosure or duplicate must not occur.TEST SPECIFIED — NOT EXECUTED","NOT RUN","Full register case has not been executed end-to-end. Targeted automated tests are recorded separately in IMPLEMENTATION-VERDICT-2026-10-09.md; not counted as this case passing."
"UDC-S10-AT-094","SECURITY / CONCURRENCY / RECOVERY","UDC-S10-CTR-037Customer / StaffVoice microphone denied","Existing authenticated state and source/role precondition; construct controlled conflicting action.","No accidental audio send; accessible recovery.AUDIT: Capture authorized state before/after and trusted audit evidence where applicable.","Forbidden mutation, disclosure or duplicate must not occur.TEST SPECIFIED — NOT EXECUTED","BLOCKED","Full register case has not been executed end-to-end. Targeted automated tests are recorded separately in IMPLEMENTATION-VERDICT-2026-10-09.md; not counted as this case passing."
"UDC-S10-AT-095","SECURITY / CONCURRENCY / RECOVERY","UDC-S10-CTR-037Customer / StaffVoice lock on desktop via keyboard","Existing authenticated state and source/role precondition; construct controlled conflicting action.","Works without mobile swipe gesture.AUDIT: Capture authorized state before/after and trusted audit evidence where applicable.","Forbidden mutation, disclosure or duplicate must not occur.TEST SPECIFIED — NOT EXECUTED","BLOCKED","Full register case has not been executed end-to-end. Targeted automated tests are recorded separately in IMPLEMENTATION-VERDICT-2026-10-09.md; not counted as this case passing."
"UDC-S10-AT-096","SECURITY / CONCURRENCY / RECOVERY","UDC-S10-CTR-044Customer / StaffTwo current pins proposed concurrently","Existing authenticated state and source/role precondition; construct controlled conflicting action.","Exactly one current target after authoritative reconciliation.AUDIT: Capture authorized state before/after and trusted audit evidence where applicable.","Forbidden mutation, disclosure or duplicate must not occur.TEST SPECIFIED — NOT EXECUTED","NOT RUN","Full register case has not been executed end-to-end. Targeted automated tests are recorded separately in IMPLEMENTATION-VERDICT-2026-10-09.md; not counted as this case passing."
"UDC-S10-AT-097","SECURITY / CONCURRENCY / RECOVERY","UDC-S10-CTR-044Customer / StaffSee in Chat deep-link to foreign Order event","Existing authenticated state and source/role precondition; construct controlled conflicting action.","Denied; never leaks event details.AUDIT: Capture authorized state before/after and trusted audit evidence where applicable.","Forbidden mutation, disclosure or duplicate must not occur.TEST SPECIFIED — NOT EXECUTED","NOT RUN","Full register case has not been executed end-to-end. Targeted automated tests are recorded separately in IMPLEMENTATION-VERDICT-2026-10-09.md; not counted as this case passing."
"UDC-S10-AT-098","SECURITY / CONCURRENCY / RECOVERY","UDC-S10-CTR-044Customer / StaffSee in Chat old event not in first page","Existing authenticated state and source/role precondition; construct controlled conflicting action.","History loaded and exact event focused, or safe truthful unavailable.AUDIT: Capture authorized state before/after and trusted audit evidence where applicable.","Forbidden mutation, disclosure or duplicate must not occur.TEST SPECIFIED — NOT EXECUTED","NOT RUN","Full register case has not been executed end-to-end. Targeted automated tests are recorded separately in IMPLEMENTATION-VERDICT-2026-10-09.md; not counted as this case passing."
"UDC-S10-AT-099","SECURITY / CONCURRENCY / RECOVERY","UDC-S10-CTR-050Authorized StaffPayment enabled before customer approval","Existing authenticated state and source/role precondition; construct controlled conflicting action.","Denied; Amount Due Now not actionable.AUDIT: Capture authorized state before/after and trusted audit evidence where applicable.","Forbidden mutation, disclosure or duplicate must not occur.TEST SPECIFIED — NOT EXECUTED","NOT RUN","Full register case has not been executed end-to-end. Targeted automated tests are recorded separately in IMPLEMENTATION-VERDICT-2026-10-09.md; not counted as this case passing."
"UDC-S10-AT-100","SECURITY / CONCURRENCY / RECOVERY","UDC-S10-CTR-050Authorized StaffPayment proof submitted, then replaced","Existing authenticated state and source/role precondition; construct controlled conflicting action.","Old evidence stays protected; correction creates separate record.AUDIT: Capture authorized state before/after and trusted audit evidence where applicable.","Forbidden mutation, disclosure or duplicate must not occur.TEST SPECIFIED — NOT EXECUTED","NOT RUN","Full register case has not been executed end-to-end. Targeted automated tests are recorded separately in IMPLEMENTATION-VERDICT-2026-10-09.md; not counted as this case passing."
"UDC-S10-AT-101","SECURITY / CONCURRENCY / RECOVERY","UDC-S10-CTR-056Customer / StaffPayment Verified but Order not Completed","Existing authenticated state and source/role precondition; construct controlled conflicting action.","Chat remains current until separate authorized completion.AUDIT: Capture authorized state before/after and trusted audit evidence where applicable.","Forbidden mutation, disclosure or duplicate must not occur.TEST SPECIFIED — NOT EXECUTED","NOT RUN","Full register case has not been executed end-to-end. Targeted automated tests are recorded separately in IMPLEMENTATION-VERDICT-2026-10-09.md; not counted as this case passing."
"UDC-S10-AT-102","SECURITY / CONCURRENCY / RECOVERY","UDC-S10-CTR-056Customer / StaffStaff proposed Extension not accepted","Existing authenticated state and source/role precondition; construct controlled conflicting action.","Cannot become active/payable.AUDIT: Capture authorized state before/after and trusted audit evidence where applicable.","Forbidden mutation, disclosure or duplicate must not occur.TEST SPECIFIED — NOT EXECUTED","NOT RUN","Full register case has not been executed end-to-end. Targeted automated tests are recorded separately in IMPLEMENTATION-VERDICT-2026-10-09.md; not counted as this case passing."
"UDC-S10-AT-103","SECURITY / CONCURRENCY / RECOVERY","UDC-S10-CTR-056Customer / StaffAccepted Extension after completion","Existing authenticated state and source/role precondition; construct controlled conflicting action.","Same Main Order/Chat reactivated; original paid Edition immutable.AUDIT: Capture authorized state before/after and trusted audit evidence where applicable.","Forbidden mutation, disclosure or duplicate must not occur.TEST SPECIFIED — NOT EXECUTED","NOT RUN","Full register case has not been executed end-to-end. Targeted automated tests are recorded separately in IMPLEMENTATION-VERDICT-2026-10-09.md; not counted as this case passing."
"UDC-S10-AT-104","SECURITY / CONCURRENCY / RECOVERY","UDC-S10-CTR-065Customer / StaffUnknown send result after page reload","Existing authenticated state and source/role precondition; construct controlled conflicting action.","Retained send intent reconciled before any resubmission.AUDIT: Capture authorized state before/after and trusted audit evidence where applicable.","Forbidden mutation, disclosure or duplicate must not occur.TEST SPECIFIED — NOT EXECUTED","NOT RUN","Full register case has not been executed end-to-end. Targeted automated tests are recorded separately in IMPLEMENTATION-VERDICT-2026-10-09.md; not counted as this case passing."
"UDC-S10-AT-105","SECURITY / CONCURRENCY / RECOVERY","UDC-S10-CTR-062Customer / StaffAccount switch with cached Chat","Existing authenticated state and source/role precondition; construct controlled conflicting action.","Previous customer private history/draft/media immediately inaccessible.AUDIT: Capture authorized state before/after and trusted audit evidence where applicable.","Forbidden mutation, disclosure or duplicate must not occur.TEST SPECIFIED — NOT EXECUTED","NOT RUN","Full register case has not been executed end-to-end. Targeted automated tests are recorded separately in IMPLEMENTATION-VERDICT-2026-10-09.md; not counted as this case passing."
"UDC-S10-AT-106","SECURITY / CONCURRENCY / RECOVERY","UDC-S10-CTR-073System / DeveloperLegacy backfill midway failure","Existing authenticated state and source/role precondition; construct controlled conflicting action.","Idempotent restart, zero lost/reassigned legacy messages.AUDIT: Capture authorized state before/after and trusted audit evidence where applicable.","Forbidden mutation, disclosure or duplicate must not occur.TEST SPECIFIED — NOT EXECUTED","NOT RUN","Full register case has not been executed end-to-end. Targeted automated tests are recorded separately in IMPLEMENTATION-VERDICT-2026-10-09.md; not counted as this case passing."
"UDC-S10-AT-107","SECURITY / CONCURRENCY / RECOVERY","UDC-S10-CTR-073System / DeveloperLegacy Chat incorrectly assigned invented Order","Existing authenticated state and source/role precondition; construct controlled conflicting action.","Migration rejects false transaction linkage.AUDIT: Capture authorized state before/after and trusted audit evidence where applicable.","Forbidden mutation, disclosure or duplicate must not occur.TEST SPECIFIED — NOT EXECUTED","NOT RUN","Full register case has not been executed end-to-end. Targeted automated tests are recorded separately in IMPLEMENTATION-VERDICT-2026-10-09.md; not counted as this case passing."
"UDC-S10-AT-108","SECURITY / CONCURRENCY / RECOVERY","UDC-S10-CTR-044Customer / StaffUnknown Current Pin after network loss","Existing authenticated state and source/role precondition; construct controlled conflicting action.","Reconcile latest structured target without duplicate pins.AUDIT: Capture authorized state before/after and trusted audit evidence where applicable.","Forbidden mutation, disclosure or duplicate must not occur.TEST SPECIFIED — NOT EXECUTED","NOT RUN","Full register case has not been executed end-to-end. Targeted automated tests are recorded separately in IMPLEMENTATION-VERDICT-2026-10-09.md; not counted as this case passing."
"UDC-S10-AT-109","SECURITY / CONCURRENCY / RECOVERY","UDC-S10-CTR-008Customer / CouturierReview handoff automatic Main Order creation","Existing authenticated state and source/role precondition; construct controlled conflicting action.","No Main Order created from public reference alone.AUDIT: Capture authorized state before/after and trusted audit evidence where applicable.","Forbidden mutation, disclosure or duplicate must not occur.TEST SPECIFIED — NOT EXECUTED","NOT RUN","Full register case has not been executed end-to-end. Targeted automated tests are recorded separately in IMPLEMENTATION-VERDICT-2026-10-09.md; not counted as this case passing."
"UDC-S10-AT-110","SECURITY / CONCURRENCY / RECOVERY","UDC-S10-CTR-059CustomerPayment warning notification missed","Existing authenticated state and source/role precondition; construct controlled conflicting action.","Actual payment event persists independently.AUDIT: Capture authorized state before/after and trusted audit evidence where applicable.","Forbidden mutation, disclosure or duplicate must not occur.TEST SPECIFIED — NOT EXECUTED","NOT RUN","Full register case has not been executed end-to-end. Targeted automated tests are recorded separately in IMPLEMENTATION-VERDICT-2026-10-09.md; not counted as this case passing."
"UDC-S10-AT-111","SECURITY / CONCURRENCY / RECOVERY","UDC-S10-CTR-056Customer / StaffDormant Order Chat accessed by old assignee","Existing authenticated state and source/role precondition; construct controlled conflicting action.","Read/write follow current authorization, historical data preserved.AUDIT: Capture authorized state before/after and trusted audit evidence where applicable.","Forbidden mutation, disclosure or duplicate must not occur.TEST SPECIFIED — NOT EXECUTED","NOT RUN","Full register case has not been executed end-to-end. Targeted automated tests are recorded separately in IMPLEMENTATION-VERDICT-2026-10-09.md; not counted as this case passing."
"UDC-S10-AT-112","SECURITY / CONCURRENCY / RECOVERY","UDC-S10-CTR-028Original senderConcurrent message edit and delete","Existing authenticated state and source/role precondition; construct controlled conflicting action.","One authoritative legal result and audit; no double mutation.AUDIT: Capture authorized state before/after and trusted audit evidence where applicable.","Forbidden mutation, disclosure or duplicate must not occur.TEST SPECIFIED — NOT EXECUTED","NOT RUN","Full register case has not been executed end-to-end. Targeted automated tests are recorded separately in IMPLEMENTATION-VERDICT-2026-10-09.md; not counted as this case passing."
