"ID","Title","Source paragraph","Source IDs","Owner","Actor and exact object","Preconditions and guard","Actual files","Delta class","Implementation limitation","Visual reference","Source acceptance","Overall acceptance"
"UDC-S10-CTR-001","One canonical Chat architecture","1001","UDC-B4-S10-019, UDC-B4-S10-026, UDC-B4-S10-028, UDC-B4-S10-031, UDC-B4-S10-032, UDC-B4-S10-042, UDC-B4-S10-043, UDC-B4-S10-044, UDC-B4-S10-045, UDC-B4-S10-046, UDC-B4-S10-049, UDC-B4-S10-398, UDC-B4-S10-399, UDC-B4-S10-400, UDC-B4-S10-402 … (see Appendix A for remaining mapped identifiers)","S10 UX; S16 persistence; Section 10 Locked V1 / Controlled Correction 1 where applicable","Customer / Staff; One canonical Chat architecture","Read context and membership afresh before operations; commercial state remains in S8.","src/components/chat/TransactionConversation.jsx; netlify/lib/transaction-conversation-review.js; src/services/section10Chat.js","REFINE","Targeted implementation present; formal contract acceptance remains partial.","UDC-S10-VIS-007, UDC-S10-VIS-017 ","UDC-S10-AT-001; prohibited: No independent General/Order engine.","NOT FULLY VERIFIED"
"UDC-S10-CTR-002","Durable multi-conversation identity","1030","UDC-B4-S10-002, UDC-B4-S10-024, UDC-B4-S10-027, UDC-B4-S10-029, UDC-B4-S10-030, UDC-B4-S10-033, UDC-B4-S10-047, UDC-B4-S10-048, UDC-B4-S10-401, UDC-B4-S10-406, UDC-B4-S10-407, UDC-B4-S10-408, UDC-B4-S10-412, UDC-B4-S10-413, UDC-B4-S10-421 … (see Appendix A for remaining mapped identifiers)","S16 identity; S10 UX; Section 10 Locked V1 / Controlled Correction 1 where applicable","Customer / Staff; Durable multi-conversation identity","Stable conversation identity distinct from customer UID and display title; scoped read/write.","src/components/chat/TransactionConversation.jsx; netlify/lib/transaction-conversation-review.js; src/services/section10Chat.js","REFINE","Targeted implementation present; formal contract acceptance remains partial.","UDC-S10-VIS-007, UDC-S10-VIS-017 ","UDC-S10-AT-002; prohibited: Never overwrite customer-ID-keyed legacy history.","NOT FULLY VERIFIED"
"UDC-S10-CTR-003","Chats destination and authenticated routing","1059","UDC-B4-S10-003, UDC-B4-S10-345, UDC-B4-S10-346, UDC-B4-S10-347, UDC-B4-S10-348, UDC-B4-S10-349, UDC-B4-S10-451, UDC-B4-S10-456, UDC-B4-S10-491, UDC-B4-S10-506, UDC-B4-S10-508, UDC-B4-S10-535","S2 navigation; S11 identity; Section 10 Locked V1 / Controlled Correction 1 where applicable","Customer; Chats destination and authenticated routing","Current authenticated principal must match target; noindex/private route.","src/components/chat/ChatWorkspace.jsx; src/pages/Chats/Chats.jsx; netlify/lib/transaction-conversation-review.js","REFINE","Targeted implementation present; formal contract acceptance remains partial.","UDC-S10-VIS-001, UDC-S10-VIS-018 ","UDC-S10-AT-003; prohibited: No second floating mobile launcher.","NOT FULLY VERIFIED"
"UDC-S10-CTR-004","Conversation discovery/list","1088","UDC-B4-S10-001, UDC-B4-S10-009, UDC-B4-S10-020, UDC-B4-S10-435, UDC-B4-S10-502, UDC-B4-S10-503, UDC-B4-S10-528","S16 membership; S10 list; Section 10 Locked V1 / Controlled Correction 1 where applicable","Customer; Conversation discovery/list","Each row is a distinct durable Chat; last activity and unread are projections.","src/components/chat/ChatWorkspace.jsx; src/pages/Chats/Chats.jsx; netlify/lib/transaction-conversation-review.js","REFINE","Targeted implementation present; formal contract acceptance remains partial.","UDC-S10-VIS-007, UDC-S10-VIS-017 ","UDC-S10-AT-004; prohibited: Not one lifetime Chat per customer.","NOT FULLY VERIFIED"
"UDC-S10-CTR-005","Entry-route classification","1117","UDC-B4-S10-050, UDC-B4-S10-051, UDC-B4-S10-052, UDC-B4-S10-053, UDC-B4-S10-054, UDC-B4-S10-055, UDC-B4-S10-056, UDC-B4-S10-475, UDC-B4-S10-504, UDC-B4-S10-509","S5, S6, S8, S9; S10 navigation; Section 10 Locked V1 / Controlled Correction 1 where applicable","Customer / Staff; Entry-route classification","Entry intent is validated before any Main Order creation.","src/components/chat/ChatWorkspace.jsx; src/pages/Chats/Chats.jsx; netlify/lib/transaction-conversation-review.js","REFINE","Targeted implementation present; formal contract acceptance remains partial.","UDC-S10-VIS-018, UDC-S10-VIS-019 ","UDC-S10-AT-005; prohibited: Generic help never silently orders.","NOT FULLY VERIFIED"
"UDC-S10-CTR-006","Create or reuse eligible Free Chat","1146","UDC-B4-S10-007, UDC-B4-S10-021, UDC-B4-S10-057, UDC-B4-S10-058, UDC-B4-S10-059, UDC-B4-S10-060, UDC-B4-S10-061, UDC-B4-S10-062, UDC-B4-S10-063, UDC-B4-S10-436, UDC-B4-S10-446, UDC-B4-S10-457, UDC-B4-S10-461, UDC-B4-S10-492, UDC-B4-S10-522","S10 Chat; S16 uniqueness; Section 10 Locked V1 / Controlled Correction 1 where applicable","Customer; Create or reuse eligible Free Chat","Enforce per customer–Couturier active-free relationship uniqueness on trusted backend.","src/components/chat/ChatWorkspace.jsx; src/pages/Chats/Chats.jsx; netlify/lib/transaction-conversation-review.js","REFINE","Targeted implementation present; formal contract acceptance remains partial.","UDC-S10-VIS-018, UDC-S10-VIS-001 ","UDC-S10-AT-006; prohibited: No unlimited duplicate Free Chat.","NOT FULLY VERIFIED"
"UDC-S10-CTR-007","Free Chat return and Couturier relationship","1175","UDC-B4-S10-064","S12 eligible Staff; S16; Section 10 Locked V1 / Controlled Correction 1 where applicable","Customer; Free Chat return and Couturier relationship","Access check and genuine prior relationship before returning.","src/components/chat/ChatWorkspace.jsx; src/pages/Chats/Chats.jsx; netlify/lib/transaction-conversation-review.js","REFINE","Targeted implementation present; formal contract acceptance remains partial.","UDC-S10-VIS-001, UDC-S10-VIS-018 ","UDC-S10-AT-007; prohibited: No fabricated specialization or quality ranking.","NOT FULLY VERIFIED"
"UDC-S10-CTR-008","Product reference context card","1204","UDC-B4-S10-099, UDC-B4-S10-100, UDC-B4-S10-102, UDC-B4-S10-103, UDC-B4-S10-104, UDC-B4-S10-106, UDC-B4-S10-260, UDC-B4-S10-261, UDC-B4-S10-264, UDC-B4-S10-510","S13 product; S10 UI; Section 10 Locked V1 / Controlled Correction 1 where applicable","Customer / Couturier; Product reference context card","Resolve current source visibility; safe snapshot never means order price.","src/components/chat/TransactionConversation.jsx; netlify/lib/transaction-conversation-review.js; src/services/section10Chat.js","REFINE","Targeted implementation present; formal contract acceptance remains partial.","UDC-S10-VIS-002, UDC-S10-VIS-009 ","UDC-S10-AT-008; prohibited: Device or Shop media does not automatically order.","NOT FULLY VERIFIED"
"UDC-S10-CTR-009","Review context private handoff","1233","UDC-B4-S10-008, UDC-B4-S10-011, UDC-B4-S10-025, UDC-B4-S10-098, UDC-B4-S10-101, UDC-B4-S10-105, UDC-B4-S10-259, UDC-B4-S10-265, UDC-B4-S10-438, UDC-B4-S10-458, UDC-B4-S10-459, UDC-B4-S10-486, UDC-B4-S10-495","S9 publication; S16 privacy; Section 10 Locked V1 / Controlled Correction 1 where applicable","Customer; Review context private handoff","Do not resolve original reviewer private transaction or account.","src/components/chat/TransactionConversation.jsx; netlify/lib/transaction-conversation-review.js; src/services/section10Chat.js","REFINE","Targeted implementation present; formal contract acceptance remains partial.","UDC-S10-VIS-013, UDC-S10-VIS-023 ","UDC-S10-AT-009; prohibited: No original reviewer Order or payment copy.","NOT FULLY VERIFIED"
"UDC-S10-CTR-010","Source context attach/remove lifecycle","1262","UDC-B4-S10-005, UDC-B4-S10-262, UDC-B4-S10-263, UDC-B4-S10-266, UDC-B4-S10-453","S10 Chat; S16 attachment; Section 10 Locked V1 / Controlled Correction 1 where applicable","Customer; Source context attach/remove lifecycle","Idempotent source attachment and safe historical ref after send.","src/components/chat/TransactionConversation.jsx; netlify/lib/transaction-conversation-review.js; src/services/section10Chat.js","REFINE","Targeted implementation present; formal contract acceptance remains partial.","UDC-S10-VIS-013, UDC-S10-VIS-023 ","UDC-S10-AT-010; prohibited: No hidden full private object copy.","NOT FULLY VERIFIED"
"UDC-S10-CTR-011","Explicit Product Details Order handoff","1291","UDC-B4-S10-010, UDC-B4-S10-066, UDC-B4-S10-068, UDC-B4-S10-076, UDC-B4-S10-079, UDC-B4-S10-084, UDC-B4-S10-085, UDC-B4-S10-086, UDC-B4-S10-087, UDC-B4-S10-088, UDC-B4-S10-089, UDC-B4-S10-090","S5 product; S8 transaction; Section 10 Locked V1 / Controlled Correction 1 where applicable","Customer; Explicit Product Details Order handoff","Atomic/idempotent Main Order creation with original snapshot and Chat linkage.","src/components/chat/TransactionConversation.jsx; netlify/lib/transaction-conversation-review.js; src/services/section10Chat.js","VERIFY","Existing owner services inherited; targeted regression evidence is not exhaustive contract acceptance.","UDC-S10-VIS-019, UDC-S10-VIS-012 ","UDC-S10-AT-011; prohibited: Do not treat drafted Chat text as created Order.","NOT FULLY VERIFIED"
"UDC-S10-CTR-012","Structured Custom Style Main Order handoff","1320","UDC-B4-S10-071, UDC-B4-S10-073, UDC-B4-S10-077, UDC-B4-S10-083, UDC-B4-S10-092, UDC-B4-S10-093, UDC-B4-S10-094, UDC-B4-S10-095, UDC-B4-S10-096, UDC-B4-S10-097, UDC-B4-S10-432, UDC-B4-S10-448, UDC-B4-S10-462, UDC-B4-S10-463, UDC-B4-S10-480 … (see Appendix A for remaining mapped identifiers)","S6 Custom Style; S8 Order; Section 10 Locked V1 / Controlled Correction 1 where applicable","Customer; Structured Custom Style Main Order handoff","Original structured submission snapshot, correct identity, idempotency and Chat linkage.","src/components/chat/TransactionConversation.jsx; netlify/lib/transaction-conversation-review.js; src/services/section10Chat.js","VERIFY","Existing owner services inherited; targeted regression evidence is not exhaustive contract acceptance.","UDC-S10-VIS-019, UDC-S10-VIS-005 ","UDC-S10-AT-012; prohibited: No flattened measurement message or duplicate Order.","NOT FULLY VERIFIED"
"UDC-S10-CTR-013","Main Order–Chat one-to-one invariant","1349","UDC-B4-S10-067, UDC-B4-S10-072, UDC-B4-S10-074, UDC-B4-S10-445, UDC-B4-S10-511, UDC-B4-S10-519","S8 order; S16 invariant; Section 10 Locked V1 / Controlled Correction 1 where applicable","Customer / Staff; Main Order–Chat one-to-one invariant","Commit-time unique association; no unrelated Order attachment.","src/components/chat/TransactionConversation.jsx; netlify/lib/transaction-conversation-review.js; src/services/section10Chat.js","VERIFY","Existing owner services inherited; targeted regression evidence is not exhaustive contract acceptance.","UDC-S10-VIS-014, UDC-S10-VIS-019 ","UDC-S10-AT-013; prohibited: Not one Chat per Entry/Edition/Payment/Extension.","NOT FULLY VERIFIED"
"UDC-S10-CTR-014","Authorized staff Main Order import","1378","UDC-B4-S10-012, UDC-B4-S10-075, UDC-B4-S10-078, UDC-B4-S10-080, UDC-B4-S10-081, UDC-B4-S10-082, UDC-B4-S10-437, UDC-B4-S10-460, UDC-B4-S10-494","S8 creation; S12/S14 permissions; Section 10 Locked V1 / Controlled Correction 1 where applicable","Authorized Staff; Authorized staff Main Order import","Customer/Chat association and current capability checked at commit.","netlify/lib/transaction-service.js (dependency)","DEPENDENCY","Owning transaction import command not integrated; no shadow import engine created.","UDC-S10-VIS-014, UDC-S10-VIS-019 ","UDC-S10-AT-014; prohibited: No customer manual staff import button.","NOT FULLY VERIFIED"
"UDC-S10-CTR-015","Unrelated new purchase separation","1407","UDC-B4-S10-013, UDC-B4-S10-065, UDC-B4-S10-069, UDC-B4-S10-070, UDC-B4-S10-091, UDC-B4-S10-478, UDC-B4-S10-532","S8 order; S16; Section 10 Locked V1 / Controlled Correction 1 where applicable","Customer; Unrelated new purchase separation","Do not reuse unrelated locked payment history or Chat transaction binding.","src/components/chat/TransactionConversation.jsx; netlify/lib/transaction-conversation-review.js; src/services/section10Chat.js","VERIFY","Existing owner services inherited; targeted regression evidence is not exhaustive contract acceptance.","UDC-S10-VIS-019, UDC-S10-VIS-024 ","UDC-S10-AT-015; prohibited: No global customer Order Chat.","NOT FULLY VERIFIED"
"UDC-S10-CTR-016","Couturier identity and privacy","1436","UDC-B4-S10-034, UDC-B4-S10-035, UDC-B4-S10-036, UDC-B4-S10-037, UDC-B4-S10-038, UDC-B4-S10-039, UDC-B4-S10-041, UDC-B4-S10-198, UDC-B4-S10-199, UDC-B4-S10-203, UDC-B4-S10-204, UDC-B4-S10-308, UDC-B4-S10-309, UDC-B4-S10-310, UDC-B4-S10-311 … (see Appendix A for remaining mapped identifiers)","S12 durable staff; S10 UI; Section 10 Locked V1 / Controlled Correction 1 where applicable","Customer; Couturier identity and privacy","Current Staff identity and customer-safe label; no personal phone/address.","src/components/chat/ChatWorkspace.jsx; src/pages/Chats/Chats.jsx; netlify/lib/transaction-conversation-review.js","REFINE","Targeted implementation present; formal contract acceptance remains partial.","UDC-S10-VIS-001, UDC-S10-VIS-007 ","UDC-S10-AT-016; prohibited: Never label customer-facing Staff as Stylist/Admin.","NOT FULLY VERIFIED"
"UDC-S10-CTR-017","Function as Couturier separation","1465","UDC-B4-S10-006, UDC-B4-S10-040, UDC-B4-S10-200, UDC-B4-S10-319, UDC-B4-S10-321, UDC-B4-S10-521","S12 Staff; S14 assignments; Section 10 Locked V1 / Controlled Correction 1 where applicable","Staff; Function as Couturier separation","Function does not itself grant Claim/Assign or unrelated Order read.","netlify/lib/transaction-conversation-review.js; netlify/lib/transaction-service.js; firestore.rules; netlify/lib/staff-authority.js","VERIFY","Existing owner services inherited; targeted regression evidence is not exhaustive contract acceptance.","UDC-S10-VIS-025, UDC-S10-VIS-007 ","UDC-S10-AT-017; prohibited: No second Couturier identity.","NOT FULLY VERIFIED"
"UDC-S10-CTR-018","Workload suggestion bounded","1494","UDC-B4-S10-017, UDC-B4-S10-201, UDC-B4-S10-202, UDC-B4-S10-317, UDC-B4-S10-499, UDC-B4-S10-523","S12/S14 routing; Section 10 Locked V1 / Controlled Correction 1 where applicable","Customer / Authorized Staff; Workload suggestion bounded","Compare current active workload; tie means no arbitrary winner.","src/components/chat/ChatWorkspace.jsx; src/pages/Chats/Chats.jsx; netlify/lib/transaction-conversation-review.js","KEEP","No least-loaded ranking/suggestion invented; optional suggestion omitted.","UDC-S10-VIS-001 ","UDC-S10-AT-018; prohibited: No highest-skilled/best-rated fabrication.","NOT FULLY VERIFIED"
"UDC-S10-CTR-019","Single assigned Couturier","1523","UDC-B4-S10-205, UDC-B4-S10-206, UDC-B4-S10-207, UDC-B4-S10-208, UDC-B4-S10-209, UDC-B4-S10-210, UDC-B4-S10-211, UDC-B4-S10-212, UDC-B4-S10-213, UDC-B4-S10-215, UDC-B4-S10-216, UDC-B4-S10-217, UDC-B4-S10-220, UDC-B4-S10-221, UDC-B4-S10-469 … (see Appendix A for remaining mapped identifiers)","S14 assignment; S16 guard; Section 10 Locked V1 / Controlled Correction 1 where applicable","Assigned Staff / Customer; Single assigned Couturier","Commit-time exact assignment and capability checks.","netlify/lib/transaction-conversation-review.js; netlify/lib/transaction-service.js; firestore.rules; netlify/lib/staff-authority.js","VERIFY","Existing owner services inherited; targeted regression evidence is not exhaustive contract acceptance.","UDC-S10-VIS-025 ","UDC-S10-AT-019; prohibited: No team-wide open write.","NOT FULLY VERIFIED"
"UDC-S10-CTR-020","Assignment transfer preserves history","1552","UDC-B4-S10-016, UDC-B4-S10-214, UDC-B4-S10-218, UDC-B4-S10-219, UDC-B4-S10-447, UDC-B4-S10-497, UDC-B4-S10-524","S14 operations; S12 authorization; Section 10 Locked V1 / Controlled Correction 1 where applicable","Authorized Staff; Assignment transfer preserves history","Former assignee loses write authority; historic sender attribution remains.","netlify/lib/transaction-conversation-review.js; netlify/lib/transaction-service.js; firestore.rules; netlify/lib/staff-authority.js","VERIFY","Existing owner services inherited; targeted regression evidence is not exhaustive contract acceptance.","UDC-S10-VIS-025 ","UDC-S10-AT-020; prohibited: Never duplicate Chat or rewrite prior sender.","NOT FULLY VERIFIED"
"UDC-S10-CTR-021","Stale staff authority refresh","1581","UDC-B4-S10-479, UDC-B4-S10-527","S12/S16; Section 10 Locked V1 / Controlled Correction 1 where applicable","Staff; Stale staff authority refresh","Revalidate current Staff principal, assigned scope and revocation at commit.","netlify/lib/transaction-conversation-review.js; netlify/lib/transaction-service.js; firestore.rules; netlify/lib/staff-authority.js","REFINE","Targeted implementation present; formal contract acceptance remains partial.","UDC-S10-VIS-027, UDC-S10-VIS-025 ","UDC-S10-AT-021; prohibited: No cached staff claim grants.","NOT FULLY VERIFIED"
"UDC-S10-CTR-022","Conversation row and unread projection","1610","UDC-B4-S10-222, UDC-B4-S10-223, UDC-B4-S10-224, UDC-B4-S10-225, UDC-B4-S10-226, UDC-B4-S10-227, UDC-B4-S10-466","S10 UI; S15 notifications; Section 10 Locked V1 / Controlled Correction 1 where applicable","Customer; Conversation row and unread projection","Projection must not become underlying Order truth.","src/components/chat/ChatWorkspace.jsx; src/pages/Chats/Chats.jsx; netlify/lib/transaction-conversation-review.js","REFINE","Principal-scoped read/unread projection; bounded count indicates incomplete range. Background list refresh remains incomplete.","UDC-S10-VIS-017, UDC-S10-VIS-007 ","UDC-S10-AT-022; prohibited: No fabricated read receipts or fake counts.","NOT FULLY VERIFIED"
"UDC-S10-CTR-023","Order display title","1639","UDC-B4-S10-228, UDC-B4-S10-454","S8 Order identity; Section 10 Locked V1 / Controlled Correction 1 where applicable","Customer / Authorized Staff; Order display title","Rename inside authorized Order Card context; audit meaningful changes.","netlify/lib/transaction-service.js (dependency)","DEPENDENCY","Owner-backed display-title editing not implemented.","UDC-S10-VIS-012 ","UDC-S10-AT-023; prohibited: No top-level Rename Order menu.","NOT FULLY VERIFIED"
"UDC-S10-CTR-024","Ordinary text send","1668","UDC-B4-S10-229, UDC-B4-S10-231, UDC-B4-S10-232, UDC-B4-S10-238","S10 Chat; S16 trusted write; Section 10 Locked V1 / Controlled Correction 1 where applicable","Customer / Assigned Staff; Ordinary text send","Identity, thread membership, send intent and server timestamp.","src/components/chat/TransactionConversation.jsx; netlify/lib/transaction-conversation-review.js; src/services/section10Chat.js","REFINE","Targeted implementation present; formal contract acceptance remains partial.","UDC-S10-VIS-017, UDC-S10-VIS-018 ","UDC-S10-AT-024; prohibited: No uncontrolled browser writes.","NOT FULLY VERIFIED"
"UDC-S10-CTR-025","Server-acknowledged send state","1697","UDC-B4-S10-233, UDC-B4-S10-236, UDC-B4-S10-239, UDC-B4-S10-240, UDC-B4-S10-241","S16 persistence; Section 10 Locked V1 / Controlled Correction 1 where applicable","Customer / Staff; Server-acknowledged send state","Pending receipt cannot be called sent/received without evidence.","src/components/chat/TransactionConversation.jsx; netlify/lib/transaction-conversation-review.js; src/services/section10Chat.js","REFINE","Targeted implementation present; formal contract acceptance remains partial.","UDC-S10-VIS-026 ","UDC-S10-AT-025; prohibited: No invented delivered/read receipt.","NOT FULLY VERIFIED"
"UDC-S10-CTR-026","Quoted reply","1726","UDC-B4-S10-230, UDC-B4-S10-234, UDC-B4-S10-235, UDC-B4-S10-237, UDC-B4-S10-476","S10 UI; S16 message membership; Section 10 Locked V1 / Controlled Correction 1 where applicable","Customer / Staff; Quoted reply","Referenced original must belong to accessible same Chat.","src/components/chat/TransactionConversation.jsx; netlify/lib/transaction-conversation-review.js; src/services/section10Chat.js","REFINE","Targeted implementation present; formal contract acceptance remains partial.","UDC-S10-VIS-004, UDC-S10-VIS-011 ","UDC-S10-AT-026; prohibited: Cannot quote other customers private text.","NOT FULLY VERIFIED"
"UDC-S10-CTR-027","Copy eligible message","1755","No automatic source row mapped; contract supported by current owner instruction / cross-section authority.","S10 UI; Section 10 Locked V1 / Controlled Correction 1 where applicable","Customer / Staff; Copy eligible message","Clipboard action excludes private proof tokens and unsafe media secrets.","src/components/chat/TransactionConversation.jsx; netlify/lib/transaction-conversation-review.js; src/services/section10Chat.js","REFINE","Targeted implementation present; formal contract acceptance remains partial.","UDC-S10-VIS-004, UDC-S10-VIS-011 ","UDC-S10-AT-027; prohibited: No protected storage link exposure.","NOT FULLY VERIFIED"
"UDC-S10-CTR-028","Edit eligible ordinary message within 30 min","1784","No automatic source row mapped; contract supported by current owner instruction / cross-section authority.","S16 guarded message mutation; Section 10 Locked V1 / Controlled Correction 1 where applicable","Original sender; Edit eligible ordinary message within 30 min","Server timestamp, ownership, current Chat membership, 30-min cutoff, audit.","src/components/chat/TransactionConversation.jsx; netlify/lib/transaction-conversation-review.js; src/services/section10Chat.js","REFINE","Targeted implementation present; formal contract acceptance remains partial.","UDC-S10-VIS-004, UDC-S10-VIS-011 ","UDC-S10-AT-028; prohibited: No unlimited editing or client-clock bypass.","NOT FULLY VERIFIED"
"UDC-S10-CTR-029","Delete eligible ordinary message within 30 min","1813","No automatic source row mapped; contract supported by current owner instruction / cross-section authority.","S16 guarded mutation; Section 10 Locked V1 / Controlled Correction 1 where applicable","Original sender; Delete eligible ordinary message within 30 min","Server send time, scope, consent and audit; retained message position.","src/components/chat/TransactionConversation.jsx; netlify/lib/transaction-conversation-review.js; src/services/section10Chat.js","REFINE","Targeted implementation present; formal contract acceptance remains partial.","UDC-S10-VIS-004, UDC-S10-VIS-011 ","UDC-S10-AT-029; prohibited: No hard deletion of financial events.","NOT FULLY VERIFIED"
"UDC-S10-CTR-030","Historical ordinary edit evidence","1842","UDC-B4-S10-455, UDC-B4-S10-498","S16 audit; Section 10 Locked V1 / Controlled Correction 1 where applicable","Authorized audit actor; Historical ordinary edit evidence","Audit history private and durable as legally/operationally defined.","src/components/chat/TransactionConversation.jsx; netlify/lib/transaction-conversation-review.js; src/services/section10Chat.js","REFINE","Targeted implementation present; formal contract acceptance remains partial.","UDC-S10-VIS-004, UDC-S10-VIS-011 ","UDC-S10-AT-030; prohibited: No public/internal audit conflation.","NOT FULLY VERIFIED"
"UDC-S10-CTR-031","Transaction event immutability firewall","1871","UDC-B4-S10-018, UDC-B4-S10-023, UDC-B4-S10-376, UDC-B4-S10-381, UDC-B4-S10-382, UDC-B4-S10-488","S8/S14 transaction; S16 evidence; Section 10 Locked V1 / Controlled Correction 1 where applicable","Customer / Staff; Transaction event immutability firewall","No normal Edit/Delete path; immutable owning reference.","src/components/chat/TransactionConversation.jsx; netlify/lib/transaction-conversation-review.js; src/services/section10Chat.js","REFINE","Targeted implementation present; formal contract acceptance remains partial.","UDC-S10-VIS-012, UDC-S10-VIS-028 ","UDC-S10-AT-031; prohibited: No deleting submitted proof/Edition.","NOT FULLY VERIFIED"
"UDC-S10-CTR-032","Photo picker from Shop","1900","UDC-B4-S10-242, UDC-B4-S10-245, UDC-B4-S10-379","S13 product; S16 media; Section 10 Locked V1 / Controlled Correction 1 where applicable","Customer / Staff; Photo picker from Shop","Resolve current Product visibility and reference provenance.","src/components/chat/TransactionConversation.jsx; netlify/lib/transaction-conversation-review.js; src/services/section10Chat.js","REFINE","Targeted implementation present; formal contract acceptance remains partial.","UDC-S10-VIS-002, UDC-S10-VIS-009 ","UDC-S10-AT-032; prohibited: Shop photo not automatically Order Entry.","NOT FULLY VERIFIED"
"UDC-S10-CTR-033","Photo picker from Device","1929","UDC-B4-S10-244, UDC-B4-S10-249, UDC-B4-S10-251, UDC-B4-S10-470","S10 UI; S16 media; Section 10 Locked V1 / Controlled Correction 1 where applicable","Customer / Staff; Photo picker from Device","Validate type/size by owning policy; private upload scope.","src/components/chat/TransactionConversation.jsx; netlify/lib/transaction-conversation-review.js; src/services/section10Chat.js","REFINE","Targeted implementation present; formal contract acceptance remains partial.","UDC-S10-VIS-002, UDC-S10-VIS-009 ","UDC-S10-AT-033; prohibited: No public upload default.","NOT FULLY VERIFIED"
"UDC-S10-CTR-034","Video source from Review & Feeds","1958","UDC-B4-S10-243, UDC-B4-S10-247, UDC-B4-S10-248, UDC-B4-S10-250","S9 moderation/consent; S16 read; Section 10 Locked V1 / Controlled Correction 1 where applicable","Customer / Staff; Video source from Review & Feeds","Public eligibility and media permission checked at use.","netlify/lib/media-service.js (photo-only dependency)","DEPENDENCY","Video/voice provider processing, format/duration/retention contract required; no unsupported upload bypass.","UDC-S10-VIS-002, UDC-S10-VIS-009 ","UDC-S10-AT-034; prohibited: No private/unapproved Review media.","NOT FULLY VERIFIED"
"UDC-S10-CTR-035","Video upload from Device","1987","UDC-B4-S10-374","S16 media; Section 10 Locked V1 / Controlled Correction 1 where applicable","Customer / Staff; Video upload from Device","Server validation and private file access.","netlify/lib/media-service.js (photo-only dependency)","DEPENDENCY","Video/voice provider processing, format/duration/retention contract required; no unsupported upload bypass.","UDC-S10-VIS-002, UDC-S10-VIS-009 ","UDC-S10-AT-035; prohibited: Device video not commercial Order.","NOT FULLY VERIFIED"
"UDC-S10-CTR-036","Payment proof media segregation","2016","UDC-B4-S10-246","S8 payment; S16 storage; Section 10 Locked V1 / Controlled Correction 1 where applicable","Customer / Payment Staff; Payment proof media segregation","Financial-specific access and append-only record linkage.","src/components/chat/TransactionConversation.jsx; netlify/lib/transaction-conversation-review.js; src/services/section10Chat.js","VERIFY","Existing owner services inherited; targeted regression evidence is not exhaustive contract acceptance.","UDC-S10-VIS-028 ","UDC-S10-AT-036; prohibited: Never expose proof in Photos & Videos.","NOT FULLY VERIFIED"
"UDC-S10-CTR-037","Mobile voice capture and lock","2045","UDC-B4-S10-252, UDC-B4-S10-254, UDC-B4-S10-255, UDC-B4-S10-258, UDC-B4-S10-375, UDC-B4-S10-487, UDC-B4-S10-534, UDC-B4-S10-547","S10 UI; S16 media; Section 10 Locked V1 / Controlled Correction 1 where applicable","Customer / Staff; Mobile voice capture and lock","Permission, recording state and authorization to message.","netlify/lib/media-service.js (photo-only dependency)","DEPENDENCY","Video/voice provider processing, format/duration/retention contract required; no unsupported upload bypass.","UDC-S10-VIS-003 ","UDC-S10-AT-037; prohibited: No auto-send of interrupted audio.","NOT FULLY VERIFIED"
"UDC-S10-CTR-038","Desktop-native voice capture","2074","UDC-B4-S10-253, UDC-B4-S10-380, UDC-B4-S10-533","S10 UI; Section 10 Locked V1 / Controlled Correction 1 where applicable","Customer / Staff; Desktop-native voice capture","Keyboard-safe control, explicit recording status, permission.","netlify/lib/media-service.js (photo-only dependency)","DEPENDENCY","Video/voice provider processing, format/duration/retention contract required; no unsupported upload bypass.","UDC-S10-VIS-010, UDC-S10-VIS-020 ","UDC-S10-AT-038; prohibited: No mandatory swipe gesture on desktop.","NOT FULLY VERIFIED"
"UDC-S10-CTR-039","Voice send and playback","2103","UDC-B4-S10-256, UDC-B4-S10-257, UDC-B4-S10-452, UDC-B4-S10-526","S16 messaging/media; Section 10 Locked V1 / Controlled Correction 1 where applicable","Customer / Staff; Voice send and playback","Trusted upload identity and idempotent send.","netlify/lib/media-service.js (photo-only dependency)","DEPENDENCY","Video/voice provider processing, format/duration/retention contract required; no unsupported upload bypass.","UDC-S10-VIS-003, UDC-S10-VIS-020 ","UDC-S10-AT-039; prohibited: No standalone Voice Notes history.","NOT FULLY VERIFIED"
"UDC-S10-CTR-040","Three-dot contextual menu","2132","UDC-B4-S10-022, UDC-B4-S10-267, UDC-B4-S10-268, UDC-B4-S10-271, UDC-B4-S10-272, UDC-B4-S10-273, UDC-B4-S10-274, UDC-B4-S10-275, UDC-B4-S10-276, UDC-B4-S10-493","S10 UX; S8 Order; Section 10 Locked V1 / Controlled Correction 1 where applicable","Customer / Staff; Three-dot contextual menu","View Order Card and Order Timeline conditional on Main Order.","src/components/chat/TransactionConversation.jsx; netlify/lib/transaction-conversation-review.js; src/services/section10Chat.js","REFINE","Targeted implementation present; formal contract acceptance remains partial.","UDC-S10-VIS-007, UDC-S10-VIS-001 ","UDC-S10-AT-040; prohibited: No Delete Chat / Save Order Profile.","NOT FULLY VERIFIED"
"UDC-S10-CTR-041","Search This Chat","2161","UDC-B4-S10-277, UDC-B4-S10-281, UDC-B4-S10-283, UDC-B4-S10-284, UDC-B4-S10-285, UDC-B4-S10-471, UDC-B4-S10-473, UDC-B4-S10-531","S16 authorized search; Section 10 Locked V1 / Controlled Correction 1 where applicable","Customer / Staff; Search This Chat","Only current accessible Chat; deleted source semantics respected.","src/components/chat/TransactionConversation.jsx; netlify/lib/transaction-conversation-review.js; src/services/section10Chat.js","REFINE","Targeted implementation present; formal contract acceptance remains partial.","UDC-S10-VIS-007 ","UDC-S10-AT-041; prohibited: Never use unscoped search.","NOT FULLY VERIFIED"
"UDC-S10-CTR-042","Photos & Videos history","2190","UDC-B4-S10-269, UDC-B4-S10-278","S16 media authorization; Section 10 Locked V1 / Controlled Correction 1 where applicable","Customer / Staff; Photos & Videos history","No financial proof, private pending Review or unrelated uploads.","src/components/chat/TransactionConversation.jsx; netlify/lib/transaction-conversation-review.js; src/services/section10Chat.js","COMPLETE","Paged photo history implemented; video remains dependent.","UDC-S10-VIS-009 ","UDC-S10-AT-042; prohibited: No all-storage media library.","NOT FULLY VERIFIED"
"UDC-S10-CTR-043","Chat History with Couturier","2219","UDC-B4-S10-270, UDC-B4-S10-279, UDC-B4-S10-280, UDC-B4-S10-282","S12 staff identity; S16 membership; Section 10 Locked V1 / Controlled Correction 1 where applicable","Customer; Chat History with Couturier","Preserve distinct Main Order identities and historical authorship.","src/components/chat/TransactionConversation.jsx; netlify/lib/transaction-conversation-review.js; src/services/section10Chat.js","COMPLETE","Current-Couturier relationship history implemented; former-assignment relationship discovery remains incomplete.","UDC-S10-VIS-001, UDC-S10-VIS-007 ","UDC-S10-AT-043; prohibited: No merged unrelated Order chat.","NOT FULLY VERIFIED"
"UDC-S10-CTR-044","Single Current Pin","2248","UDC-B4-S10-127, UDC-B4-S10-129, UDC-B4-S10-131, UDC-B4-S10-132","S8 current state; S16 projection; Section 10 Locked V1 / Controlled Correction 1 where applicable","Customer / Staff; Single Current Pin","Pin points to authoritative current Edition/Extension; atomic target update.","src/components/chat/TransactionConversation.jsx; src/components/chat/ChatEventSource.jsx; netlify/lib/transaction-conversation-review.js; netlify/lib/transaction-service.js; netlify/lib/chat-transaction-events.js","REFINE","Targeted implementation present; formal contract acceptance remains partial.","UDC-S10-VIS-021 ","UDC-S10-AT-044; prohibited: No multiple competing Current Pins.","NOT FULLY VERIFIED"
"UDC-S10-CTR-045","Pin follows current Edition or Extension","2277","UDC-B4-S10-126, UDC-B4-S10-130, UDC-B4-S10-151","S8/S14 state; Section 10 Locked V1 / Controlled Correction 1 where applicable","Customer / Staff; Pin follows current Edition or Extension","Expected-state guard and event cross-reference.","src/components/chat/TransactionConversation.jsx; src/components/chat/ChatEventSource.jsx; netlify/lib/transaction-conversation-review.js; netlify/lib/transaction-service.js; netlify/lib/chat-transaction-events.js","REFINE","Targeted implementation present; formal contract acceptance remains partial.","UDC-S10-VIS-021 ","UDC-S10-AT-045; prohibited: No second Main Order on Extension.","NOT FULLY VERIFIED"
"UDC-S10-CTR-046","See in Chat exact-event focus","2306","UDC-B4-S10-128, UDC-B4-S10-140, UDC-B4-S10-141, UDC-B4-S10-142, UDC-B4-S10-143, UDC-B4-S10-144, UDC-B4-S10-145, UDC-B4-S10-146, UDC-B4-S10-147, UDC-B4-S10-148, UDC-B4-S10-149, UDC-B4-S10-150, UDC-B4-S10-152, UDC-B4-S10-153, UDC-B4-S10-154 … (see Appendix A for remaining mapped identifiers)","S7 access; S8 event; S16 membership; Section 10 Locked V1 / Controlled Correction 1 where applicable","Customer; See in Chat exact-event focus","Target resolves customer+MainOrder+Chat+event and history paging.","src/components/chat/TransactionConversation.jsx; src/components/chat/ChatEventSource.jsx; netlify/lib/transaction-conversation-review.js; netlify/lib/transaction-service.js; netlify/lib/chat-transaction-events.js","REFINE","Targeted implementation present; formal contract acceptance remains partial.","UDC-S10-VIS-022 ","UDC-S10-AT-046; prohibited: Not mere Chat-bottom navigation.","NOT FULLY VERIFIED"
"UDC-S10-CTR-047","View Order Card in Chat","2335","UDC-B4-S10-015, UDC-B4-S10-108, UDC-B4-S10-109, UDC-B4-S10-110, UDC-B4-S10-111, UDC-B4-S10-112, UDC-B4-S10-113, UDC-B4-S10-116, UDC-B4-S10-117, UDC-B4-S10-123","S8 owns data/editing; Section 10 Locked V1 / Controlled Correction 1 where applicable","Customer / Staff; View Order Card in Chat","Exact Main Order and current Edition; action permissions remote/authoritative.","src/components/chat/TransactionConversation.jsx; src/components/chat/ChatEventSource.jsx; netlify/lib/transaction-conversation-review.js; netlify/lib/transaction-service.js; netlify/lib/chat-transaction-events.js","REFINE","Targeted implementation present; formal contract acceptance remains partial.","UDC-S10-VIS-005, UDC-S10-VIS-006, UDC-S10-VIS-012 ","UDC-S10-AT-047; prohibited: No independent Order engine.","NOT FULLY VERIFIED"
"UDC-S10-CTR-048","Edition history read-only","2364","UDC-B4-S10-004, UDC-B4-S10-107, UDC-B4-S10-114, UDC-B4-S10-115, UDC-B4-S10-118, UDC-B4-S10-119, UDC-B4-S10-120, UDC-B4-S10-121, UDC-B4-S10-122, UDC-B4-S10-124, UDC-B4-S10-125, UDC-B4-S10-133, UDC-B4-S10-134, UDC-B4-S10-136, UDC-B4-S10-443 … (see Appendix A for remaining mapped identifiers)","S8 Edition truth; Section 10 Locked V1 / Controlled Correction 1 where applicable","Customer / Authorized Staff; Edition history read-only","Historical data derived from Section 8; actor/time protected.","src/components/chat/TransactionConversation.jsx; src/components/chat/ChatEventSource.jsx; netlify/lib/transaction-conversation-review.js; netlify/lib/transaction-service.js; netlify/lib/chat-transaction-events.js","REFINE","Targeted implementation present; formal contract acceptance remains partial.","UDC-S10-VIS-012, UDC-S10-VIS-019 ","UDC-S10-AT-048; prohibited: Never relabel Edition as Revision.","NOT FULLY VERIFIED"
"UDC-S10-CTR-049","Activity timeline","2393","UDC-B4-S10-135, UDC-B4-S10-137, UDC-B4-S10-138, UDC-B4-S10-139, UDC-B4-S10-513","S14 event truth; Section 10 Locked V1 / Controlled Correction 1 where applicable","Customer / Staff; Activity timeline","Do not synthesize transactional records from notification text.","src/components/chat/TransactionConversation.jsx; src/components/chat/ChatEventSource.jsx; netlify/lib/transaction-conversation-review.js; netlify/lib/transaction-service.js; netlify/lib/chat-transaction-events.js","REFINE","Targeted implementation present; formal contract acceptance remains partial.","UDC-S10-VIS-015, UDC-S10-VIS-019 ","UDC-S10-AT-049; prohibited: Not a second timeline DB.","NOT FULLY VERIFIED"
"UDC-S10-CTR-050","Business approval event","2422","UDC-B4-S10-157, UDC-B4-S10-158, UDC-B4-S10-161, UDC-B4-S10-164, UDC-B4-S10-377","S8 approval; Section 10 Locked V1 / Controlled Correction 1 where applicable","Authorized Staff; Business approval event","Revalidation of Edition and current Staff permission.","src/components/chat/TransactionConversation.jsx; src/components/chat/ChatEventSource.jsx; netlify/lib/transaction-conversation-review.js; netlify/lib/transaction-service.js; netlify/lib/chat-transaction-events.js","REFINE","Targeted implementation present; formal contract acceptance remains partial.","UDC-S10-VIS-015 ","UDC-S10-AT-050; prohibited: Approval alone does not enable payment.","NOT FULLY VERIFIED"
"UDC-S10-CTR-051","Customer final approval","2451","UDC-B4-S10-156, UDC-B4-S10-159, UDC-B4-S10-163, UDC-B4-S10-439, UDC-B4-S10-505, UDC-B4-S10-512, UDC-B4-S10-516, UDC-B4-S10-517, UDC-B4-S10-518, UDC-B4-S10-520, UDC-B4-S10-529, UDC-B4-S10-530, UDC-B4-S10-537, UDC-B4-S10-538, UDC-B4-S10-539 … (see Appendix A for remaining mapped identifiers)","S8 approval; Section 10 Locked V1 / Controlled Correction 1 where applicable","Customer; Customer final approval","Match signed-in customer and Edition version.","src/components/chat/TransactionConversation.jsx; src/components/chat/ChatEventSource.jsx; netlify/lib/transaction-conversation-review.js; netlify/lib/transaction-service.js; netlify/lib/chat-transaction-events.js","REFINE","Targeted implementation present; formal contract acceptance remains partial.","UDC-S10-VIS-015 ","UDC-S10-AT-051; prohibited: No implicit approval by reading Chat.","NOT FULLY VERIFIED"
"UDC-S10-CTR-052","Separate Enable Payment action","2480","UDC-B4-S10-160, UDC-B4-S10-162, UDC-B4-S10-166, UDC-B4-S10-440","S8 payment gate; S12 finance authority; Section 10 Locked V1 / Controlled Correction 1 where applicable","Authorized Staff; Separate Enable Payment action","No actionable Amount Due Now prior to enablement.","src/components/chat/TransactionConversation.jsx; src/components/chat/ChatEventSource.jsx; netlify/lib/transaction-conversation-review.js; netlify/lib/transaction-service.js; netlify/lib/chat-transaction-events.js","REFINE","Targeted implementation present; formal contract acceptance remains partial.","UDC-S10-VIS-028 ","UDC-S10-AT-052; prohibited: No automatic payment from business approval.","NOT FULLY VERIFIED"
"UDC-S10-CTR-053","Bank Transfer and Amount Due Now","2509","UDC-B4-S10-165, UDC-B4-S10-464","S8 financial truth; Section 10 Locked V1 / Controlled Correction 1 where applicable","Customer; Bank Transfer and Amount Due Now","No universal 60%; Bank Transfer Only; configured details.","src/components/chat/TransactionConversation.jsx; src/components/chat/ChatEventSource.jsx; netlify/lib/transaction-conversation-review.js; netlify/lib/transaction-service.js; netlify/lib/chat-transaction-events.js","VERIFY","Existing owner services inherited; targeted regression evidence is not exhaustive contract acceptance.","UDC-S10-VIS-028 ","UDC-S10-AT-053; prohibited: No card checkout or fabricated banking.","NOT FULLY VERIFIED"
"UDC-S10-CTR-054","Payment proof and durable Payment Record","2538","UDC-B4-S10-167, UDC-B4-S10-168, UDC-B4-S10-169, UDC-B4-S10-170, UDC-B4-S10-171, UDC-B4-S10-174, UDC-B4-S10-441","S8 payment; S16 evidence; Section 10 Locked V1 / Controlled Correction 1 where applicable","Customer / Authorized Payment Staff; Payment proof and durable Payment Record","Append-only submitted proof, Verified only after authorization.","src/components/chat/TransactionConversation.jsx; src/components/chat/ChatEventSource.jsx; netlify/lib/transaction-conversation-review.js; netlify/lib/transaction-service.js; netlify/lib/chat-transaction-events.js","VERIFY","Existing owner services inherited; targeted regression evidence is not exhaustive contract acceptance.","UDC-S10-VIS-028 ","UDC-S10-AT-054; prohibited: No ordinary message proof deletion.","NOT FULLY VERIFIED"
"UDC-S10-CTR-055","Verified, balance and Payment Completed","2567","UDC-B4-S10-172, UDC-B4-S10-173, UDC-B4-S10-175","S8 financial ledger; Section 10 Locked V1 / Controlled Correction 1 where applicable","Customer / Staff; Verified, balance and Payment Completed","Unverified proof excluded from confirmed totals.","src/components/chat/TransactionConversation.jsx; src/components/chat/ChatEventSource.jsx; netlify/lib/transaction-conversation-review.js; netlify/lib/transaction-service.js; netlify/lib/chat-transaction-events.js","VERIFY","Existing owner services inherited; targeted regression evidence is not exhaustive contract acceptance.","UDC-S10-VIS-028 ","UDC-S10-AT-055; prohibited: Payment Completed != Order Completed.","NOT FULLY VERIFIED"
"UDC-S10-CTR-056","Extension same Order and Chat","2596","UDC-B4-S10-014, UDC-B4-S10-176, UDC-B4-S10-177, UDC-B4-S10-178, UDC-B4-S10-179, UDC-B4-S10-180, UDC-B4-S10-181, UDC-B4-S10-182, UDC-B4-S10-183, UDC-B4-S10-185, UDC-B4-S10-186, UDC-B4-S10-187, UDC-B4-S10-188, UDC-B4-S10-196, UDC-B4-S10-467 … (see Appendix A for remaining mapped identifiers)","S8/S14 extension; Section 10 Locked V1 / Controlled Correction 1 where applicable","Customer / Staff; Extension same Order and Chat","At most one active Extension; own approvals/ledger; original paid history locked.","src/components/chat/TransactionConversation.jsx; src/components/chat/ChatEventSource.jsx; netlify/lib/transaction-conversation-review.js; netlify/lib/transaction-service.js; netlify/lib/chat-transaction-events.js","VERIFY","Existing owner services inherited; targeted regression evidence is not exhaustive contract acceptance.","UDC-S10-VIS-014, UDC-S10-VIS-024 ","UDC-S10-AT-056; prohibited: No Chat per Extension.","NOT FULLY VERIFIED"
"UDC-S10-CTR-057","Order Completed and Chat dormant","2625","UDC-B4-S10-184, UDC-B4-S10-189, UDC-B4-S10-190, UDC-B4-S10-191, UDC-B4-S10-192, UDC-B4-S10-194, UDC-B4-S10-197, UDC-B4-S10-465","S14 completion; S8 contract; Section 10 Locked V1 / Controlled Correction 1 where applicable","Authorized Staff / Customer; Order Completed and Chat dormant","No active eligible Extension or outstanding ownership obligations.","src/components/chat/TransactionConversation.jsx; src/components/chat/ChatEventSource.jsx; netlify/lib/transaction-conversation-review.js; netlify/lib/transaction-service.js; netlify/lib/chat-transaction-events.js","VERIFY","Existing owner services inherited; targeted regression evidence is not exhaustive contract acceptance.","UDC-S10-VIS-024 ","UDC-S10-AT-057; prohibited: No auto-delete completed history.","NOT FULLY VERIFIED"
"UDC-S10-CTR-058","Legitimate Extension reactivation","2654","UDC-B4-S10-193, UDC-B4-S10-195","S8/S14 extension; Section 10 Locked V1 / Controlled Correction 1 where applicable","Customer / Authorized Staff; Legitimate Extension reactivation","Validate reactivation and fresh assignment; paid historic Editions remain locked.","src/components/chat/TransactionConversation.jsx; src/components/chat/ChatEventSource.jsx; netlify/lib/transaction-conversation-review.js; netlify/lib/transaction-service.js; netlify/lib/chat-transaction-events.js","VERIFY","Existing owner services inherited; targeted regression evidence is not exhaustive contract acceptance.","UDC-S10-VIS-024 ","UDC-S10-AT-058; prohibited: No unlocking original paid Edition.","NOT FULLY VERIFIED"
"UDC-S10-CTR-059","Unread and notification projection","2683","UDC-B4-S10-289, UDC-B4-S10-291, UDC-B4-S10-293, UDC-B4-S10-294, UDC-B4-S10-296","S15 notifications; S10 UX; Section 10 Locked V1 / Controlled Correction 1 where applicable","Customer; Unread and notification projection","Reconcile count/current event from authoritative sources.","src/components/chat/TransactionConversation.jsx; netlify/lib/transaction-conversation-review.js; src/services/section10Chat.js","REFINE","Principal-scoped read/unread projection; bounded count indicates incomplete range. Background list refresh remains incomplete.","UDC-S10-VIS-017 ","UDC-S10-AT-059; prohibited: No notification as source of truth.","NOT FULLY VERIFIED"
"UDC-S10-CTR-060","Presence and typing signal","2712","UDC-B4-S10-295, UDC-B4-S10-297","S10 UX; S15 preferences; Section 10 Locked V1 / Controlled Correction 1 where applicable","Customer / Staff; Presence and typing signal","Do not expose draft text or promise response timing.","src/components/chat/TransactionConversation.jsx; netlify/lib/transaction-conversation-review.js; src/services/section10Chat.js","KEEP","Neutral availability presentation; unsupported presence/typing not fabricated.","UDC-S10-VIS-017 ","UDC-S10-AT-060; prohibited: No hard-coded Support Hours/response guarantees.","NOT FULLY VERIFIED"
"UDC-S10-CTR-061","Notification Settings","2741","UDC-B4-S10-286, UDC-B4-S10-287, UDC-B4-S10-288, UDC-B4-S10-290, UDC-B4-S10-292","S15 notifications; Section 10 Locked V1 / Controlled Correction 1 where applicable","Customer / Staff; Notification Settings","Per-principal preferences with authenticated mutation.","src/components/chat/TransactionConversation.jsx; netlify/lib/transaction-conversation-review.js; src/services/section10Chat.js","REFINE","Targeted implementation present; formal contract acceptance remains partial.","UDC-S10-VIS-007 ","UDC-S10-AT-061; prohibited: Do not suppress existing events.","NOT FULLY VERIFIED"
"UDC-S10-CTR-062","Conversation membership and access","2770","UDC-B4-S10-299, UDC-B4-S10-300, UDC-B4-S10-301, UDC-B4-S10-303, UDC-B4-S10-383, UDC-B4-S10-384, UDC-B4-S10-385, UDC-B4-S10-386, UDC-B4-S10-387, UDC-B4-S10-391, UDC-B4-S10-392, UDC-B4-S10-393, UDC-B4-S10-394, UDC-B4-S10-395, UDC-B4-S10-397","S11 identity; S12 Staff; S16 enforcement; Section 10 Locked V1 / Controlled Correction 1 where applicable","Customer / Staff; Conversation membership and access","Authorization server-side and object-scoped.","netlify/lib/transaction-conversation-review.js; netlify/lib/transaction-service.js; firestore.rules; netlify/lib/staff-authority.js","VERIFY","Existing owner services inherited; targeted regression evidence is not exhaustive contract acceptance.","UDC-S10-VIS-027 ","UDC-S10-AT-062; prohibited: No cross-customer access.","NOT FULLY VERIFIED"
"UDC-S10-CTR-063","Private media and measurements","2799","UDC-B4-S10-302, UDC-B4-S10-388, UDC-B4-S10-389, UDC-B4-S10-390","S6/S8/S9/S16; Section 10 Locked V1 / Controlled Correction 1 where applicable","Customer / Staff; Private media and measurements","Storage access per classification and purpose, not provider-wide.","netlify/lib/transaction-conversation-review.js; netlify/lib/transaction-service.js; firestore.rules; netlify/lib/staff-authority.js","VERIFY","Existing owner services inherited; targeted regression evidence is not exhaustive contract acceptance.","UDC-S10-VIS-002, UDC-S10-VIS-028 ","UDC-S10-AT-063; prohibited: No exposing private measurements.","NOT FULLY VERIFIED"
"UDC-S10-CTR-064","Audit and source-truth isolation","2828","UDC-B4-S10-298, UDC-B4-S10-304, UDC-B4-S10-305, UDC-B4-S10-306, UDC-B4-S10-307, UDC-B4-S10-396","S14/S16 audit; Section 10 Locked V1 / Controlled Correction 1 where applicable","System / Authorized Staff; Audit and source-truth isolation","Immutable evidence belongs to owning system; notifications/views read it.","netlify/lib/transaction-conversation-review.js; netlify/lib/transaction-service.js; firestore.rules; netlify/lib/staff-authority.js","VERIFY","Existing owner services inherited; targeted regression evidence is not exhaustive contract acceptance.","UDC-S10-VIS-027 ","UDC-S10-AT-064; prohibited: No privileged history erasure.","NOT FULLY VERIFIED"
"UDC-S10-CTR-065","Offline/reconnecting UI","2857","UDC-B4-S10-361, UDC-B4-S10-367","S10 UX; S16; Section 10 Locked V1 / Controlled Correction 1 where applicable","Customer / Staff; Offline/reconnecting UI","Account-bound caches, current session, careful resync.","src/components/chat/TransactionConversation.jsx; netlify/lib/transaction-conversation-review.js; src/services/section10Chat.js","REFINE","Targeted implementation present; formal contract acceptance remains partial.","UDC-S10-VIS-026 ","UDC-S10-AT-065; prohibited: No blind retry or stale private cache.","NOT FULLY VERIFIED"
"UDC-S10-CTR-066","Idempotent unknown-send recovery","2886","UDC-B4-S10-362, UDC-B4-S10-363, UDC-B4-S10-364, UDC-B4-S10-371","S16 idempotency; Section 10 Locked V1 / Controlled Correction 1 where applicable","Customer / Staff; Idempotent unknown-send recovery","Retain stable logical intent and check actual message/audit before reattempt.","src/components/chat/TransactionConversation.jsx; netlify/lib/transaction-conversation-review.js; src/services/section10Chat.js","REFINE","Targeted implementation present; formal contract acceptance remains partial.","UDC-S10-VIS-026 ","UDC-S10-AT-066; prohibited: No duplicate messages after timeout.","NOT FULLY VERIFIED"
"UDC-S10-CTR-067","Concurrent transaction stale-state recovery","2915","UDC-B4-S10-365, UDC-B4-S10-366, UDC-B4-S10-368, UDC-B4-S10-369, UDC-B4-S10-370, UDC-B4-S10-372, UDC-B4-S10-485","S8/S14/S16; Section 10 Locked V1 / Controlled Correction 1 where applicable","Customer / Staff; Concurrent transaction stale-state recovery","Expected revision/state guard on actionable source objects.","netlify/lib/transaction-conversation-review.js; netlify/lib/transaction-service.js; firestore.rules; netlify/lib/staff-authority.js","VERIFY","Existing owner services inherited; targeted regression evidence is not exhaustive contract acceptance.","UDC-S10-VIS-027 ","UDC-S10-AT-067; prohibited: Never overwrite newer transaction truth.","NOT FULLY VERIFIED"
"UDC-S10-CTR-068","Desktop full-page Chat","2944","UDC-B4-S10-322, UDC-B4-S10-323, UDC-B4-S10-324, UDC-B4-S10-325, UDC-B4-S10-326, UDC-B4-S10-328, UDC-B4-S10-329, UDC-B4-S10-330, UDC-B4-S10-331, UDC-B4-S10-333, UDC-B4-S10-336, UDC-B4-S10-338, UDC-B4-S10-344, UDC-B4-S10-482","S2 shell; S10 UI; Section 10 Locked V1 / Controlled Correction 1 where applicable","Customer / Staff; Desktop full-page Chat","Keyboard-driven contextual actions, responsive layout and no floating support panel.","src/components/chat/TransactionConversation.jsx; src/pages/Chats/Chats.css","REFINE","Targeted implementation present; formal contract acceptance remains partial.","UDC-S10-VIS-007, UDC-S10-VIS-008, UDC-S10-VIS-017 ","UDC-S10-AT-068; prohibited: No phone-sized panel desktop-only.","NOT FULLY VERIFIED"
"UDC-S10-CTR-069","Mobile full-screen Chat","2973","UDC-B4-S10-327, UDC-B4-S10-332, UDC-B4-S10-334, UDC-B4-S10-335, UDC-B4-S10-337, UDC-B4-S10-339, UDC-B4-S10-340, UDC-B4-S10-341, UDC-B4-S10-342, UDC-B4-S10-343, UDC-B4-S10-373, UDC-B4-S10-378","S2 shell; S10 UI; Section 10 Locked V1 / Controlled Correction 1 where applicable","Customer; Mobile full-screen Chat","Menu/Logo/Search/CustomStyle/Reviews top; Home/Shop/Chats/My Closet bottom.","src/components/chat/TransactionConversation.jsx; src/pages/Chats/Chats.css","REFINE","Targeted implementation present; formal contract acceptance remains partial.","UDC-S10-VIS-001, UDC-S10-VIS-018, UDC-S10-VIS-019 ","UDC-S10-AT-069; prohibited: No red bar/mobile floating launcher.","NOT FULLY VERIFIED"
"UDC-S10-CTR-070","Tablet intentional reflow","3002","No automatic source row mapped; contract supported by current owner instruction / cross-section authority.","S10 UI; Section 10 Locked V1 / Controlled Correction 1 where applicable","Customer / Staff; Tablet intentional reflow","No tiny columns; conditional rail/sheet transition.","src/components/chat/TransactionConversation.jsx; src/pages/Chats/Chats.css","REFINE","Targeted implementation present; formal contract acceptance remains partial.","UDC-S10-VIS-017, UDC-S10-VIS-019 ","UDC-S10-AT-070; prohibited: No horizontal scroll for controls.","NOT FULLY VERIFIED"
"UDC-S10-CTR-071","Chat accessible message semantics","3031","UDC-B4-S10-350, UDC-B4-S10-351, UDC-B4-S10-352, UDC-B4-S10-353, UDC-B4-S10-354, UDC-B4-S10-356, UDC-B4-S10-359, UDC-B4-S10-360","S10 UX; Section 10 Locked V1 / Controlled Correction 1 where applicable","Customer / Staff; Chat accessible message semantics","Visible focus, semantic context/actions, reduced motion, meaningful media labels.","src/components/chat/TransactionConversation.jsx; src/pages/Chats/Chats.css","REFINE","Semantic log, labels, menu keyboard handling implemented; full screen-reader/focus/reduced-motion acceptance not completed.","UDC-S10-VIS-004, UDC-S10-VIS-011 ","UDC-S10-AT-071; prohibited: No colour-only error state.","NOT FULLY VERIFIED"
"UDC-S10-CTR-072","History paging and scroll anchoring","3060","UDC-B4-S10-355, UDC-B4-S10-357, UDC-B4-S10-358","S10 UI; S16 pagination; Section 10 Locked V1 / Controlled Correction 1 where applicable","Customer / Staff; History paging and scroll anchoring","Server-order cursor; stable scroll anchor; unread/new message indicator.","src/components/chat/TransactionConversation.jsx; netlify/lib/transaction-conversation-review.js; src/services/section10Chat.js","COMPLETE","Paged history and scroll anchoring implemented; offscreen older-message refresh requires further verification.","UDC-S10-VIS-017 ","UDC-S10-AT-072; prohibited: No entire-lifetime load on open.","NOT FULLY VERIFIED"
"UDC-S10-CTR-073","Legacy Chat data compatibility","3089","No automatic source row mapped; contract supported by current owner instruction / cross-section authority.","S16 migration; S10 compatibility; Section 10 Locked V1 / Controlled Correction 1 where applicable","System / Developer; Legacy Chat data compatibility","Inventory existing physical references, map legacy safely, phased reversible read/write transition, backups/audit.","src/components/chat/LegacyChatHistory.jsx; netlify/lib/transaction-conversation-review.js","COMPLETE","Legacy Customer text history has trusted read-only paging; original data retained. Legacy media compatibility is not complete.","UDC-S10-VIS-017, UDC-S10-VIS-026 ","UDC-S10-AT-073; prohibited: No destructive rekeying or forged historical Orders.","NOT FULLY VERIFIED"
"UDC-S10-CTR-074","Current Staff Inbox preservation","3118","No automatic source row mapped; contract supported by current owner instruction / cross-section authority.","S12/S16; Section 10 Locked V1 / Controlled Correction 1 where applicable","Authorized Staff; Current Staff Inbox preservation","Capability/object-scoped staff reads and send audit.","src/pages/admin/Chats/Chats.jsx; src/components/chat/ChatWorkspace.jsx; netlify/lib/transaction-conversation-review.js","REFINE","Targeted implementation present; formal contract acceptance remains partial.","UDC-S10-VIS-007 ","UDC-S10-AT-074; prohibited: No shadow assignment/auth engine.","NOT FULLY VERIFIED"
