"ID","Title","Source class","Actual surface","Disposition","Verification"
"UDC-S10-VIS-001","Mobile Core Navigation & Header","B","src/components/chat/TransactionConversation.jsx; src/components/chat/ChatWorkspace.jsx; src/pages/Chats/Chats.css","PARTIAL — written overrides applied; not all pictured states proven","Source inspected; full per-board runtime acceptance NOT RUN"
"UDC-S10-VIS-002","Mobile Photo/Video","B","src/components/chat/TransactionConversation.jsx; src/components/chat/ChatWorkspace.jsx; src/pages/Chats/Chats.css","PARTIAL — photo only","Source inspected; full per-board runtime acceptance NOT RUN"
"UDC-S10-VIS-003","Mobile Voice Notes","B","src/components/chat/TransactionConversation.jsx; src/components/chat/ChatWorkspace.jsx; src/pages/Chats/Chats.css","DEPENDENCY — voice","Source inspected; full per-board runtime acceptance NOT RUN"
"UDC-S10-VIS-004","Mobile Message Actions","B","src/components/chat/TransactionConversation.jsx; src/components/chat/ChatWorkspace.jsx; src/pages/Chats/Chats.css","PARTIAL — written overrides applied; not all pictured states proven","Source inspected; full per-board runtime acceptance NOT RUN"
"UDC-S10-VIS-005","Mobile Order Card Supporting A","B","src/components/chat/TransactionConversation.jsx; src/components/chat/ChatWorkspace.jsx; src/pages/Chats/Chats.css","PARTIAL — written overrides applied; not all pictured states proven","Source inspected; full per-board runtime acceptance NOT RUN"
"UDC-S10-VIS-006","Mobile Order Card Supporting B","B","src/components/chat/TransactionConversation.jsx; src/components/chat/ChatWorkspace.jsx; src/pages/Chats/Chats.css","PARTIAL — written overrides applied; not all pictured states proven","Source inspected; full per-board runtime acceptance NOT RUN"
"UDC-S10-VIS-007","Current Desktop Master Map","B","src/components/chat/TransactionConversation.jsx; src/components/chat/ChatWorkspace.jsx; src/pages/Chats/Chats.css","PARTIAL — written overrides applied; not all pictured states proven","Source inspected; full per-board runtime acceptance NOT RUN"
"UDC-S10-VIS-008","Updated Desktop Coding Map","B","src/components/chat/TransactionConversation.jsx; src/components/chat/ChatWorkspace.jsx; src/pages/Chats/Chats.css","PARTIAL — written overrides applied; not all pictured states proven","Source inspected; full per-board runtime acceptance NOT RUN"
"UDC-S10-VIS-009","Desktop Photo/Video","B","src/components/chat/TransactionConversation.jsx; src/components/chat/ChatWorkspace.jsx; src/pages/Chats/Chats.css","PARTIAL — photo only","Source inspected; full per-board runtime acceptance NOT RUN"
"UDC-S10-VIS-010","Desktop Voice Candidate","C/E","src/components/chat/TransactionConversation.jsx; src/components/chat/ChatWorkspace.jsx; src/pages/Chats/Chats.css","DEPENDENCY — voice","Source inspected; full per-board runtime acceptance NOT RUN"
"UDC-S10-VIS-011","Desktop Message Actions","B","src/components/chat/TransactionConversation.jsx; src/components/chat/ChatWorkspace.jsx; src/pages/Chats/Chats.css","PARTIAL — written overrides applied; not all pictured states proven","Source inspected; full per-board runtime acceptance NOT RUN"
"UDC-S10-VIS-012","Desktop Order Card/Editing","B","src/components/chat/TransactionConversation.jsx; src/components/chat/ChatWorkspace.jsx; src/pages/Chats/Chats.css","PARTIAL — written overrides applied; not all pictured states proven","Source inspected; full per-board runtime acceptance NOT RUN"
"UDC-S10-VIS-013","Review-to-Chat Handoff","B","src/components/chat/TransactionConversation.jsx; src/components/chat/ChatWorkspace.jsx; src/pages/Chats/Chats.css","PARTIAL — written overrides applied; not all pictured states proven","Source inspected; full per-board runtime acceptance NOT RUN"
"UDC-S10-VIS-014","Order/Extension Supporting Board","B/C","src/components/chat/TransactionConversation.jsx; src/components/chat/ChatWorkspace.jsx; src/pages/Chats/Chats.css","PARTIAL — written overrides applied; not all pictured states proven","Source inspected; full per-board runtime acceptance NOT RUN"
"UDC-S10-VIS-015","Order Lifecycle Supporting Board","B","src/components/chat/TransactionConversation.jsx; src/components/chat/ChatWorkspace.jsx; src/pages/Chats/Chats.css","PARTIAL — written overrides applied; not all pictured states proven","Source inspected; full per-board runtime acceptance NOT RUN"
"UDC-S10-VIS-016","Historical Administration Mockup","D","Not implemented","Historical quarantine","Excluded"
"UDC-S10-VIS-017","Current Desktop Full Chat","E","src/components/chat/TransactionConversation.jsx; src/components/chat/ChatWorkspace.jsx; src/pages/Chats/Chats.css","PARTIAL — written overrides applied; not all pictured states proven","Representative local browser captures; not production and not full visual acceptance"
"UDC-S10-VIS-018","Current Mobile Free Chat","E","src/components/chat/TransactionConversation.jsx; src/components/chat/ChatWorkspace.jsx; src/pages/Chats/Chats.css","PARTIAL — written overrides applied; not all pictured states proven","Representative local browser captures; not production and not full visual acceptance"
"UDC-S10-VIS-019","Current Mobile Main Order Chat","E","src/components/chat/TransactionConversation.jsx; src/components/chat/ChatWorkspace.jsx; src/pages/Chats/Chats.css","PARTIAL — written overrides applied; not all pictured states proven","Source inspected; full per-board runtime acceptance NOT RUN"
"UDC-S10-VIS-020","Desktop-Native Voice Notes","E","src/components/chat/TransactionConversation.jsx; src/components/chat/ChatWorkspace.jsx; src/pages/Chats/Chats.css","DEPENDENCY — voice","Source inspected; full per-board runtime acceptance NOT RUN"
"UDC-S10-VIS-021","Single Current Pin","E","src/components/chat/TransactionConversation.jsx; src/components/chat/ChatWorkspace.jsx; src/pages/Chats/Chats.css","PARTIAL — written overrides applied; not all pictured states proven","Source inspected; full per-board runtime acceptance NOT RUN"
"UDC-S10-VIS-022","See in Chat Exact Event","E","src/components/chat/TransactionConversation.jsx; src/components/chat/ChatWorkspace.jsx; src/pages/Chats/Chats.css","PARTIAL — written overrides applied; not all pictured states proven","Source inspected; full per-board runtime acceptance NOT RUN"
"UDC-S10-VIS-023","Unavailable Review Context","E","src/components/chat/TransactionConversation.jsx; src/components/chat/ChatWorkspace.jsx; src/pages/Chats/Chats.css","PARTIAL — written overrides applied; not all pictured states proven","Source inspected; full per-board runtime acceptance NOT RUN"
"UDC-S10-VIS-024","Dormant to Reactivated Extension","E","src/components/chat/TransactionConversation.jsx; src/components/chat/ChatWorkspace.jsx; src/pages/Chats/Chats.css","PARTIAL — written overrides applied; not all pictured states proven","Source inspected; full per-board runtime acceptance NOT RUN"
"UDC-S10-VIS-025","Couturier Transfer","E","src/components/chat/TransactionConversation.jsx; src/components/chat/ChatWorkspace.jsx; src/pages/Chats/Chats.css","PARTIAL — written overrides applied; not all pictured states proven","Source inspected; full per-board runtime acceptance NOT RUN"
"UDC-S10-VIS-026","Offline/Reconnect/Retry","E","src/components/chat/TransactionConversation.jsx; src/components/chat/ChatWorkspace.jsx; src/pages/Chats/Chats.css","PARTIAL — written overrides applied; not all pictured states proven","Source inspected; full per-board runtime acceptance NOT RUN"
"UDC-S10-VIS-027","Stale Transaction Recovery","E","src/components/chat/TransactionConversation.jsx; src/components/chat/ChatWorkspace.jsx; src/pages/Chats/Chats.css","PARTIAL — written overrides applied; not all pictured states proven","Source inspected; full per-board runtime acceptance NOT RUN"
"UDC-S10-VIS-028","Payment Enablement to Payment Record","E","src/components/chat/TransactionConversation.jsx; src/components/chat/ChatWorkspace.jsx; src/pages/Chats/Chats.css","PARTIAL — written overrides applied; not all pictured states proven","Source inspected; full per-board runtime acceptance NOT RUN"
